filename, Coverall, Face_Shield, Glove, Google, Mask
sdh_jpg.rf.40e5eadc0cb0453ffdc84c5164c0cdaa.jpg, 1, 0, 1, 1, 1
jje_jpg.rf.4160e2c5b968041cdaf21acce0e39b3b.jpg, 1, 0, 1, 1, 1
How-to-properly-wear-personal-protective-equipment-for-airborne-contaminants-214_jpg.rf.3fb3b076006a9f3e4a922a8bd1478245.jpg, 1, 0, 0, 0, 1
Demonstration-of-Donning-Putting-On-Personal-Protective-Equipment-PPE-203_jpg.rf.405b060a44fabc211f94a376661a29e0.jpg, 1, 1, 0, 0, 1
snap00851_jpg.rf.434b04e731b0e94317c187b5f79714fa.jpg, 1, 1, 1, 0, 1
Demonstration-of-Donning-Putting-On-Personal-Protective-Equipment-PPE-123_jpg.rf.436f585bbf382dd4df2feea13ba87de8.jpg, 1, 0, 0, 0, 1
kjknj_jpg.rf.404a6e48beb056cb14c5dd903c1a912d.jpg, 1, 1, 0, 0, 1
Demonstration-of-Donning-Putting-On-Personal-Protective-Equipment-PPE-193_jpg.rf.42b32eb8b6f456c929e18aeaa8228856.jpg, 1, 0, 0, 0, 1
Demonstration-of-Donning-Putting-On-Personal-Protective-Equipment-PPE-081_jpg.rf.435b32269db763535afa23e7274458f1.jpg, 1, 1, 1, 1, 1
How-to-properly-wear-personal-protective-equipment-for-airborne-contaminants-181_jpg.rf.3fca45af59e2590f0e6d8dffa561a458.jpg, 1, 0, 0, 0, 0
frame06271_jpg.rf.4137d32b726e01a4605babee851d7efd.jpg, 1, 0, 1, 1, 1
jh_jpg.rf.40f1b5bd96820a485999fdba9736545f.jpg, 1, 0, 1, 1, 1
bgv_jpg.rf.40d73003474b1c7c96572a8c1b2b0275.jpg, 1, 1, 0, 1, 1
frame05651_jpg.rf.41791c5b87344f29de153e43989c1cd1.jpg, 1, 0, 1, 1, 1
Demonstration-of-Donning-Putting-On-Personal-Protective-Equipment-PPE-153_jpg.rf.406ceb2f62cf54fd6fc3571dcd89d00f.jpg, 1, 0, 0, 0, 1
snap03021_jpg.rf.44a0699a1287200618f7a2078eedee17.jpg, 1, 0, 1, 0, 0
htjyuk_jpg.rf.44aebd1883d9124d12ad42d093c950ce.jpg, 1, 1, 1, 0, 1
How-to-properly-wear-personal-protective-equipment-for-airborne-contaminants-332_jpg.rf.4418e9ff4bf25c3c97997577ac6442ca.jpg, 1, 0, 1, 1, 1
How-to-properly-wear-personal-protective-equipment-for-airborne-contaminants-202_jpg.rf.44b6c85c6445cc0c5c6cff3e3a72abd5.jpg, 0, 0, 0, 0, 1
snap07271_jpg.rf.41cef1705bcd23950f2ec55bb12eba26.jpg, 1, 1, 1, 0, 1
vfs_jpg.rf.42bda8d4702059185b7345713ca765b9.jpg, 1, 1, 0, 0, 1
Demonstration-of-Donning-Putting-On-Personal-Protective-Equipment-PPE-196_jpg.rf.44966cb646c53333e08ae4d714cc150d.jpg, 1, 1, 0, 0, 1
mk_jpg.rf.4419575256b995c0800e0be3b30df8db.jpg, 1, 1, 1, 0, 1
frame06551_jpg.rf.43990c0df40397bb5e4427af42098fea.jpg, 1, 0, 1, 1, 1
ge_jpg.rf.44c63977e63a98736348535332184b85.jpg, 1, 0, 1, 1, 1
How-to-properly-wear-personal-protective-equipment-for-airborne-contaminants-273_jpg.rf.428acbe2666f3ddc7a0d81c7686dbdc4.jpg, 1, 0, 0, 0, 1
cxcf_jpg.rf.45116037b3e57dfb12ade1f5ccbf6ef8.jpg, 1, 1, 1, 0, 1
uwe_jpg.rf.454d130635ba0281980a725b50c94478.jpg, 1, 0, 1, 1, 1
Using-Personal-Protection-Equipment-PPE-147_jpg.rf.450776675d353ff1134c0d443f274956.jpg, 0, 0, 0, 0, 1
gdf_jpg.rf.44d3063c542b805adbb5701324a3d144.jpg, 1, 0, 0, 1, 1
myr_jpg.rf.48fe2644b5c7acfd4567eeb3909b12b0.jpg, 1, 0, 1, 1, 1
gdfvx_jpeg_jpg.rf.46ac25c1a0b4ba449548ff8a4f82ac20.jpg, 1, 0, 1, 0, 1
Using-Personal-Protection-Equipment-PPE-056_jpg.rf.46a41bb18b67fe362b057fe09b81a62c.jpg, 1, 1, 0, 0, 1
How-to-properly-wear-personal-protective-equipment-for-airborne-contaminants-318_jpg.rf.454feab64b65ebeef76dbdad275022fc.jpg, 0, 0, 0, 1, 1
dfg_jpg.rf.49c8ad7876c330b67a889751b1d3f468.jpg, 1, 1, 0, 1, 1
zsz_jpg.rf.4642c942fca10d41ce358f1c8744a171.jpg, 1, 1, 1, 1, 1
htjyuk_jpg.rf.4622d29dde01cee2be20d517f389ef79.jpg, 1, 1, 1, 0, 1
jyje_jpg.rf.4723b067f63a3dff31e338cf705aa844.jpg, 1, 1, 1, 0, 1
ghyju_jpg.rf.46244e3af84fa5734b376930db41433b.jpg, 1, 0, 1, 1, 1
Demonstration-of-Donning-Putting-On-Personal-Protective-Equipment-PPE-203_jpg.rf.455df3e4207ee1ca2ec8e24b6c06390e.jpg, 1, 1, 0, 0, 1
21fdf_jpg.rf.45b29efd629d757b37e2fcc5f0e27c5c.jpg, 1, 1, 1, 1, 1
How-to-properly-wear-personal-protective-equipment-for-airborne-contaminants-171_jpg.rf.49942b678563096f07010ab9398af7cb.jpg, 1, 0, 0, 0, 0
How-to-properly-wear-personal-protective-equipment-for-airborne-contaminants-219_jpg.rf.47380897aa247e34c993353bf1d17b6e.jpg, 0, 0, 0, 0, 1
snap08691_jpg.rf.48844b0ff8c2345884781020ff3b5f82.jpg, 1, 1, 0, 0, 1
Demonstration-of-Donning-Putting-On-Personal-Protective-Equipment-PPE-105_jpg.rf.48c2ae6e0145a10ae5719883ae31233e.jpg, 1, 0, 0, 0, 0
Demonstration-of-Donning-Putting-On-Personal-Protective-Equipment-PPE-156_jpg.rf.48a56a562eddfebedfafa5b78d7dae99.jpg, 1, 0, 0, 0, 1
frame05671_jpg.rf.4b4e9a51a1b305ce755cae460a75e541.jpg, 1, 0, 1, 1, 1
Demonstration-of-Donning-Putting-On-Personal-Protective-Equipment-PPE-158_jpg.rf.49987940771325786e19390a342994ce.jpg, 1, 0, 0, 0, 1
Using-Personal-Protection-Equipment-PPE-085_jpg.rf.49348d446851a57b4c86dc83c4cfcf34.jpg, 1, 0, 1, 0, 1
How-to-properly-wear-personal-protective-equipment-for-airborne-contaminants-322_jpg.rf.4bdd0cf86c0081e9b5cba16efc038e9e.jpg, 1, 0, 1, 1, 1
gt_jpg.rf.4b4d4ad55b2f9a9fc1b41a956891ca92.jpg, 1, 1, 0, 1, 1
snap08861_jpg.rf.49699a9bd52554bfac33a7e75bab1aa5.jpg, 1, 1, 0, 0, 1
gtuyk_jpeg_jpg.rf.4a9700c97db828176bdffa09a59c84b2.jpg, 1, 1, 1, 0, 1
Using-Personal-Protection-Equipment-PPE-071_jpg.rf.4b9487bb6ed944cc4d348d08d5e957d5.jpg, 1, 0, 1, 1, 1
tr_jpg.rf.4b5f959abe1abf22f6c52a3f77a0ff77.jpg, 1, 0, 1, 1, 1
Demonstration-of-Donning-Putting-On-Personal-Protective-Equipment-PPE-216_jpg.rf.4f31c5f0506d1fd3c8e4b68533aa4982.jpg, 1, 1, 1, 0, 1
Demonstration-of-Donning-Putting-On-Personal-Protective-Equipment-PPE-094_jpg.rf.4e7cf491f6cc9ae94834ec3179e4d41d.jpg, 1, 1, 1, 1, 1
Using-Personal-Protection-Equipment-PPE-083_jpg.rf.4e976f94b2f3b14d1ec18464ab232b4e.jpg, 1, 0, 0, 0, 0
juui_jpg.rf.4cc68e9e788f2ad7cbaddcac7d0ec491.jpg, 1, 0, 1, 1, 1
How-to-properly-wear-personal-protective-equipment-for-airborne-contaminants-282_jpg.rf.4ed43640a8654ade2952ee283688f7c6.jpg, 1, 0, 0, 0, 1
Using-Personal-Protection-Equipment-PPE-015-Copy_jpg.rf.525995e0b89655c386eb3773b38e52e2.jpg, 1, 0, 0, 0, 0
jut_jpg.rf.4fcae1bd15d9e65235dfeef1a29458c6.jpg, 0, 0, 0, 1, 1
Using-Personal-Protection-Equipment-PPE-017-Copy_jpg.rf.5090c9885d09cad6b60e2291a2bd13b8.jpg, 1, 0, 0, 0, 0
How-to-properly-wear-personal-protective-equipment-for-airborne-contaminants-220_jpg.rf.4d0b48319e81a803e15409e7b2f4abca.jpg, 0, 0, 0, 0, 1
m_jpg.rf.52ee02b6d3707056cc40ac1e78a79ebc.jpg, 1, 0, 1, 1, 1
kjknj_jpg.rf.4bfeba6c02cbe8599656eec63008374b.jpg, 1, 1, 0, 0, 1
ds_jpg.rf.5051b20b66bb2a960789148ef79e40ee.jpg, 1, 0, 1, 1, 1
How-to-properly-wear-personal-protective-equipment-for-airborne-contaminants-183_jpg.rf.4f57dc8283e4aebcf08621e31081cccd.jpg, 1, 0, 0, 0, 0
Using-Personal-Protection-Equipment-PPE-017-Copy_jpg.rf.504e3879c35e9b699a9830b8360f140e.jpg, 1, 0, 0, 0, 0
hehy_jpg.rf.50a42fbe0c0ce37a920659c736b7afd6.jpg, 1, 1, 1, 0, 1
getry_jpg.rf.5328cd89b534c038772b958c0d832bc9.jpg, 1, 1, 0, 1, 1
gdf_jpg.rf.5024c6b981d51c2e28f6c3c921878987.jpg, 1, 0, 0, 1, 1
Demonstration-of-Donning-Putting-On-Personal-Protective-Equipment-PPE-127_jpg.rf.517b2cf0daf73aa36c2a036a6efacaa9.jpg, 1, 0, 0, 0, 1
bg_jpg.rf.50937303a4f53193210a7d3138d3f888.jpg, 1, 0, 0, 1, 1
How-to-properly-wear-personal-protective-equipment-for-airborne-contaminants-222_jpg.rf.50db54709d254bb2088bb55321fcfd04.jpg, 1, 0, 0, 0, 1
Demonstration-of-Donning-Putting-On-Personal-Protective-Equipment-PPE-159_jpg.rf.533cec29851510df8ad4506685ad111e.jpg, 1, 0, 0, 0, 1
mb_jpg.rf.529ca01d2709757df96ae23db0ff5d29.jpg, 1, 0, 1, 0, 0
Demonstration-of-Donning-Putting-On-Personal-Protective-Equipment-PPE-200_jpg.rf.5359575787b1923d3f27381216e27d1f.jpg, 1, 1, 0, 0, 1
Using-Personal-Protection-Equipment-PPE-045-Copy_jpg.rf.5353e948a027d45b29431acf9376b358.jpg, 1, 0, 0, 0, 1
Demonstration-of-Donning-Putting-On-Personal-Protective-Equipment-PPE-157_jpg.rf.4f41dfaff56cf27fbdc30496ad2ff84f.jpg, 1, 0, 0, 0, 1
rt_jpg.rf.50c7efdec0124e100f3842fddd01043d.jpg, 1, 0, 1, 1, 1
Demonstration-of-Donning-Putting-On-Personal-Protective-Equipment-PPE-094_jpg.rf.539a9262e4383e51e7bc964f4927bb31.jpg, 1, 1, 1, 1, 1
How-to-properly-wear-personal-protective-equipment-for-airborne-contaminants-331_jpg.rf.540b4f1ce1f46092798442de9b1acc9d.jpg, 1, 0, 1, 0, 0
juui_jpg.rf.5128f61e0217615ef44fe43074df1303.jpg, 1, 0, 1, 1, 1
jhvh_jpg.rf.55e97905fb80e90d277b2e4400e37495.jpg, 1, 1, 0, 0, 1
frame04711_jpg.rf.54cd3bbeccf4e1eb87f4b16818c43595.jpg, 1, 0, 1, 0, 1
snap08811_jpg.rf.54c84558dc6a6bc1bf7bf89f4298d5ca.jpg, 1, 1, 0, 0, 1
Demonstration-of-Donning-Putting-On-Personal-Protective-Equipment-PPE-227_jpg.rf.535d3d17a7a5313057531cf591b26a44.jpg, 1, 0, 1, 0, 0
Using-Personal-Protection-Equipment-PPE-083_jpg.rf.561fb697f4d0006f60941fcb485d46d7.jpg, 1, 0, 0, 0, 0
Demonstration-of-Donning-Putting-On-Personal-Protective-Equipment-PPE-089_jpg.rf.54c0638b296cb085160ee7d642972790.jpg, 1, 1, 1, 1, 1
Using-Personal-Protection-Equipment-PPE-042-Copy_jpg.rf.55cea4eda562989332ee671ad49f6df7.jpg, 1, 0, 0, 0, 0
uh_jpg.rf.545ae54969a4d77a554b55aa8864ea2c.jpg, 1, 0, 1, 1, 1
jhvh_jpg.rf.56eaa9b45dad4d660fde1944ed873c78.jpg, 1, 1, 0, 0, 1
frame05351_jpg.rf.59069872a304b7a55af0275815a84c4b.jpg, 1, 0, 1, 1, 1
snap00921_jpg.rf.5704c19515b41cc30594ed08d72d2123.jpg, 1, 1, 1, 0, 1
snap08691_jpg.rf.5664a3ee9043501586fcf0b435a46598.jpg, 1, 1, 0, 0, 1
frame06521_jpg.rf.548dcf708b6f54d5e0a841a866243453.jpg, 1, 0, 1, 1, 1
dre_jpg.rf.574d9f4752e901697ddb927224dde92c.jpg, 0, 1, 1, 0, 1
Demonstration-of-Donning-Putting-On-Personal-Protective-Equipment-PPE-228_jpg.rf.57915bc36adce360083c10a85db2ce92.jpg, 1, 0, 1, 0, 0
Using-Personal-Protection-Equipment-PPE-024-Copy_jpg.rf.57840af75231a45879bc6c8d4295ee1e.jpg, 1, 0, 0, 0, 0
How-to-properly-wear-personal-protective-equipment-for-airborne-contaminants-185_jpg.rf.58a13918153a0024f34af63abf974819.jpg, 0, 0, 0, 0, 1
Demonstration-of-Donning-Putting-On-Personal-Protective-Equipment-PPE-212_jpg.rf.5938ddf1aa5afc1496341e0f6ac35d5f.jpg, 1, 1, 1, 0, 1
frame05131_jpg.rf.5a0b5b0ccd00b8da607801716ecec6c7.jpg, 1, 0, 1, 1, 1
Using-Personal-Protection-Equipment-PPE-116_jpg.rf.58a3517d647b61b75c743841be4f87dd.jpg, 1, 1, 0, 0, 1
Demonstration-of-Donning-Putting-On-Personal-Protective-Equipment-PPE-196_jpg.rf.58983c5dcd2e09c365a5538c046971f2.jpg, 1, 1, 0, 0, 1
Using-Personal-Protection-Equipment-PPE-020-Copy_jpg.rf.592f9398a1e1995a9822a9dd170d7e0e.jpg, 1, 0, 0, 0, 0
Using-Personal-Protection-Equipment-PPE-068_jpg.rf.57e587c7bafefc595b29db9f4a13a26a.jpg, 1, 1, 0, 0, 1
cxfd_jpg.rf.5aadb712712e2d88e1a1ede9e02a4c41.jpg, 1, 0, 0, 0, 1
58i_jpg.rf.5ac676be0a20bdd601e23e72b215df3c.jpg, 1, 0, 1, 1, 1
ffyj_jpg.rf.5993b3f19d60ab086eae40df558a169c.jpg, 1, 1, 1, 1, 1
xzs_jpg.rf.592c817498386606dbd51f297e1b70f5.jpg, 1, 0, 1, 1, 1
frame04691_jpg.rf.5cb3692fa467de45c88406e2b7672ec6.jpg, 1, 0, 1, 0, 1
snap07331_jpg.rf.5b6a465aa04ae1a400fefbc4ae5e1012.jpg, 1, 1, 1, 0, 1
dre_jpg.rf.5b1923a492fa8687d4ff84565ea9b0d3.jpg, 0, 1, 1, 0, 1
How-to-properly-wear-personal-protective-equipment-for-airborne-contaminants-285_jpg.rf.5afa038bdca845c98e77ddcded5fe37b.jpg, 1, 0, 0, 0, 1
snap07241_jpg.rf.5937ab0faada0c1783cdb7dbaa811b9d.jpg, 1, 1, 0, 0, 1
frame05401_jpg.rf.5c987666576cb6e5f15cc6f78ff6dabb.jpg, 1, 0, 1, 1, 1
Demonstration-of-Donning-Putting-On-Personal-Protective-Equipment-PPE-199_jpg.rf.58613d8f1996ebf102b95759ee66286c.jpg, 1, 1, 0, 0, 1
bvc_jpg.rf.5b17847583e004f2bab3907250861c40.jpg, 1, 0, 1, 1, 1
snap07111_jpg.rf.5d0b4429bc6825cf8f5b28402527b93e.jpg, 1, 1, 1, 0, 1
htjyuk_jpg.rf.5c80d538828ef9d2ec0aa871d634196c.jpg, 1, 1, 1, 0, 1
snap08821_jpg.rf.5d3ab986b8c4fe1782ed7fba7b3fedbd.jpg, 1, 1, 0, 0, 1
ses_jpg.rf.5f822914154d70d28168304ce783ace3.jpg, 0, 1, 0, 0, 1
dnf_jpg.rf.5fc049bdb4fef43b314f548e11f242c0.jpg, 1, 0, 1, 1, 1
ej_jpg.rf.5c91cb81ffee910ab7e9e665761b2e97.jpg, 1, 0, 1, 1, 1
snap08831_jpg.rf.5ee9988bd308dc317dcf69b7ed9ce6fd.jpg, 1, 1, 0, 0, 1
vf_jpg.rf.5d66c441ff0e2ff4d768bfff5b57c355.jpg, 1, 0, 1, 1, 1
jut_jpg.rf.619998991439e1737ac7d86611b49717.jpg, 0, 0, 0, 1, 1
ghd_jpg.rf.5e293be316475525827a7ebab8c8a887.jpg, 1, 1, 1, 1, 1
snap00931_jpg.rf.5ffdf81e83c03d13efded00a02a77a05.jpg, 1, 1, 1, 0, 1
snap00881_jpg.rf.5b44b9a9127a00cff6e7dfd45ce1b564.jpg, 1, 1, 1, 0, 1
3y46u_jpg.rf.60c21fb4e922eacbb6cd9c722d1117a1.jpg, 1, 0, 0, 0, 1
dhre_jpg.rf.5dac349f7ea1e1a3c4be38e89ab0dae4.jpg, 1, 0, 1, 1, 1
Using-Personal-Protection-Equipment-PPE-035-Copy_jpg.rf.5f1676a8451f8a124331b8c66d2b1bbb.jpg, 1, 0, 0, 0, 0
snap08901_jpg.rf.61aa0bf718102a704723184c8b82f543.jpg, 1, 1, 1, 0, 1
frame05101_jpg.rf.606c43e822fdd4f5298bb5be286d1100.jpg, 1, 0, 1, 1, 1
uwe_jpg.rf.6189fab0402beab517d36bb5ec6b8d02.jpg, 1, 0, 1, 1, 1
ghs_jpeg_jpg.rf.6225b4d25b3b74afd0c04c336abe0fe7.jpg, 1, 1, 1, 0, 1
dds_jpg.rf.6148794bb27b28ae1c609afaafc8a08c.jpg, 1, 0, 1, 1, 1
htnj_jpg.rf.60858ca4339189a5347ce22c2b1cad82.jpg, 1, 1, 1, 0, 1
frame06501_jpg.rf.61c7f001e86abdaa75c80c018c78e0e9.jpg, 1, 0, 1, 1, 1
frame05301_jpg.rf.623136bfa4eb62e691d22752e54a4d9a.jpg, 1, 0, 1, 1, 1
hda_jpg.rf.6137c7dedbba3e5a7024306b3e5a983c.jpg, 0, 0, 0, 1, 1
frame05121_jpg.rf.63d0eef19b629f20a4e554b09acbb6a5.jpg, 1, 0, 1, 1, 1
Demonstration-of-Donning-Putting-On-Personal-Protective-Equipment-PPE-197_jpg.rf.62da164d8890acf45190ebc96461b767.jpg, 1, 0, 0, 0, 0
snap08841_jpg.rf.62956d6bbdf83f8b228e3d9c4d38af01.jpg, 1, 1, 0, 0, 1
Using-Personal-Protection-Equipment-PPE-062_jpg.rf.63b8639eb4155891ff7f18a31c3597dd.jpg, 1, 0, 0, 0, 0
snap00861_jpg.rf.61a45badfa54dd4844e8cae933663a25.jpg, 1, 1, 1, 0, 1
snap08841_jpg.rf.6378bcd12ebca1ff6e8d5371970bf7f7.jpg, 1, 1, 0, 0, 1
Demonstration-of-Donning-Putting-On-Personal-Protective-Equipment-PPE-081_jpg.rf.64b27e47d22a064fdbc20ed7e705c980.jpg, 1, 1, 1, 1, 1
snap08671_jpg.rf.630ad61781cb6c64c3427b646dbc7f74.jpg, 1, 1, 0, 0, 1
How-to-properly-wear-personal-protective-equipment-for-airborne-contaminants-384_jpg.rf.63f35164c14b126723604db2ccfefd8d.jpg, 0, 0, 1, 0, 0
i_jpg.rf.6580b223f7f4b063887eb99724d6d26f.jpg, 1, 0, 1, 1, 1
snap00881_jpg.rf.66cb06f8b6fa445e34bc3c7756395917.jpg, 1, 1, 1, 0, 1
snap07231_jpg.rf.64c8412efdf3eaac672aaf800b2210ac.jpg, 1, 1, 1, 0, 1
How-to-properly-wear-personal-protective-equipment-for-airborne-contaminants-277_jpg.rf.68478075900508816c1da550867cc5a1.jpg, 1, 0, 0, 0, 1
Demonstration-of-Donning-Putting-On-Personal-Protective-Equipment-PPE-225_jpg.rf.66cb565dddec590246dafb115e7fa39e.jpg, 1, 0, 1, 0, 0
dnf_jpg.rf.686eb652f2cd3ef245346325681d5ffd.jpg, 1, 0, 1, 1, 1
bfhe_jpg.rf.674fa9f9deb0876b5794a7b9810dfc5b.jpg, 1, 1, 1, 1, 1
snap07311_jpg.rf.664b06d1402954aaa38012222e0aefe4.jpg, 1, 1, 1, 0, 1
ga_jpg.rf.68462551759598f944947077a9da4705.jpg, 1, 1, 0, 0, 1
gthy_jpg.rf.6a4306f8299652fb51ecfdfe31697e68.jpg, 1, 1, 1, 0, 1
snap08381_jpg.rf.6a24c3d5f3ec61427d1e9a59684e3d00.jpg, 1, 1, 1, 0, 1
frame06271_jpg.rf.67f026b8600bcfa244a3036ffb2f37ae.jpg, 1, 0, 1, 1, 1
snap03031_jpg.rf.6abfc352d623d491313386a30bd611c3.jpg, 1, 0, 1, 0, 0
rt_jpg.rf.69d7654805f795963ef4766761ee2352.jpg, 1, 0, 1, 1, 1
uh_jpg.rf.665f0f0d5ab13f471692965b21c0609e.jpg, 1, 0, 1, 1, 1
How-to-properly-wear-personal-protective-equipment-for-airborne-contaminants-183_jpg.rf.6ad616fdff3ae62ddcbc6d5bde4d2e09.jpg, 1, 0, 0, 0, 0
frame05671_jpg.rf.6bbf75f4fd470abcf0f709858d9d8059.jpg, 1, 0, 1, 1, 1
jkur_jpg.rf.6b5f1756a69710e2f6908a77a641d0af.jpg, 1, 1, 1, 0, 1
Demonstration-of-Donning-Putting-On-Personal-Protective-Equipment-PPE-134_jpg.rf.6a32d9a02c8324d35ef85081e79f2861.jpg, 1, 0, 0, 0, 1
dhre_jpg.rf.6c08872a2cb0124335f024370355c70e.jpg, 1, 0, 1, 1, 1
frame06531_jpg.rf.6b7a3af67411be6b5dcec15b52abcf17.jpg, 1, 0, 1, 1, 1
snap08711_jpg.rf.6b0995027abaa794b980b9fa1fa382c5.jpg, 1, 1, 0, 0, 1
d_jpg.rf.69578f6f1b2d29aa35f265eb908639c4.jpg, 1, 1, 1, 0, 1
gthy_jpg.rf.669dc3a15c13e3202f4e676c6eae9840.jpg, 1, 1, 1, 0, 1
ft52_jpg.rf.6afb67bd75536465767c6d63cc0c9c87.jpg, 1, 0, 1, 1, 1
frame06531_jpg.rf.62c80fdb4552920ef3540bcb91c94b10.jpg, 1, 0, 1, 1, 1
How-to-properly-wear-personal-protective-equipment-for-airborne-contaminants-318_jpg.rf.6c0eb650dccb4078ffe345b1755c4ad7.jpg, 0, 0, 0, 1, 1
Using-Personal-Protection-Equipment-PPE-050_jpg.rf.6c93380181e8cfad33c38cca1d08518d.jpg, 1, 0, 0, 0, 1
Demonstration-of-Donning-Putting-On-Personal-Protective-Equipment-PPE-013_jpg.rf.6bfa21ef33a6483ce7157fae9ba6d708.jpg, 1, 1, 1, 0, 1
Demonstration-of-Donning-Putting-On-Personal-Protective-Equipment-PPE-216_jpg.rf.6c8102115b8b69febff4d90337e494f6.jpg, 1, 1, 1, 0, 1
Demonstration-of-Donning-Putting-On-Personal-Protective-Equipment-PPE-108_jpg.rf.6c55471e6bf4a6e536a6e2a18c61ba79.jpg, 1, 0, 0, 0, 1
Using-Personal-Protection-Equipment-PPE-018-Copy_jpg.rf.6b9f6b8d22658c90043e8fc7098e16f2.jpg, 1, 0, 0, 0, 0
How-to-properly-wear-personal-protective-equipment-for-airborne-contaminants-334_jpg.rf.6d2eb409c38f01a71ea0e582c53b1d9b.jpg, 1, 0, 1, 1, 1
Demonstration-of-Donning-Putting-On-Personal-Protective-Equipment-PPE-079-Copy-2-_jpg.rf.6da6707b1112a3b659af6bd8d6151944.jpg, 1, 1, 1, 1, 1
How-to-properly-wear-personal-protective-equipment-for-airborne-contaminants-179_jpg.rf.6cfddd3f938dcb82e56fcad328ed3676.jpg, 1, 0, 0, 0, 0
Demonstration-of-Donning-Putting-On-Personal-Protective-Equipment-PPE-229_jpg.rf.702f5250a5a4052ef9c79b65765627ee.jpg, 1, 1, 1, 0, 1
thjy_jpg.rf.6e7685abea62c6f070a8db4e1168658c.jpg, 1, 0, 1, 1, 1
58i_jpg.rf.6f1c9b426f80d775ba4ee4275668bbaf.jpg, 1, 0, 1, 1, 1
h_jpg.rf.707e56f6d7fbed60872b3ed2bdb23252.jpg, 1, 1, 1, 0, 1
gdr_jpg.rf.6eebcb0cf219717e181bdbfe12f39294.jpg, 1, 0, 1, 0, 1
How-to-properly-wear-personal-protective-equipment-for-airborne-contaminants-281_jpg.rf.6eb1fb1315507090bb9e99ca5e656334.jpg, 1, 0, 0, 0, 0
Demonstration-of-Donning-Putting-On-Personal-Protective-Equipment-PPE-123_jpg.rf.70a5fe4616debe3b7a88bf8874e0b080.jpg, 1, 0, 0, 0, 1
Demonstration-of-Donning-Putting-On-Personal-Protective-Equipment-PPE-013_jpg.rf.715d855df9d5432920569a22c3e20931.jpg, 1, 1, 1, 0, 1
Demonstration-of-Donning-Putting-On-Personal-Protective-Equipment-PPE-011_jpg.rf.6dacdb953c3d163738bba310e56dfbfa.jpg, 1, 1, 1, 0, 1
aw_jpg.rf.6c3f3b70bb83a3625c4809ecc08ef3a8.jpg, 1, 0, 1, 1, 1
How-to-properly-wear-personal-protective-equipment-for-airborne-contaminants-182_jpg.rf.6f446c7a30cb80f8edb76da03716dadf.jpg, 1, 0, 0, 0, 0
cd_jpg.rf.71f71a78d3fd433a3d862727cd35f612.jpg, 1, 0, 0, 1, 1
frame05651_jpg.rf.7273dcb62ffecce50574676269527ae1.jpg, 1, 0, 1, 1, 1
Demonstration-of-Donning-Putting-On-Personal-Protective-Equipment-PPE-195_jpg.rf.6f99f9d52baa4e82d20b335d38a91d68.jpg, 1, 0, 0, 0, 1
tui_jpg.rf.70585b3b1ee52bbafecb06164f534a5f.jpg, 1, 0, 0, 1, 1
How-to-properly-wear-personal-protective-equipment-for-airborne-contaminants-334_jpg.rf.6efa7d2a85062254f45da69251b2364d.jpg, 1, 0, 1, 1, 1
Demonstration-of-Donning-Putting-On-Personal-Protective-Equipment-PPE-195_jpg.rf.6d5b6c772e0d21590aca485fbd4218c5.jpg, 1, 0, 0, 0, 1
yydr_jpg.rf.72a64272bc42abbb64c614b149358db7.jpg, 1, 1, 1, 1, 1
5uhyf_jpg.rf.6f0ac0814d515af309ae21b06a4db2d7.jpg, 0, 1, 0, 0, 1
dhre_jpg.rf.73e64d828cfa8402d66d65f23407d67d.jpg, 1, 0, 1, 1, 1
How-to-properly-wear-personal-protective-equipment-for-airborne-contaminants-322_jpg.rf.6b58bcad55ebb46dc50c5a2df3ab70eb.jpg, 1, 0, 1, 1, 1
frame06151_jpg.rf.722f643b2af84d06b64ad3b300e93847.jpg, 1, 0, 1, 1, 1
Demonstration-of-Donning-Putting-On-Personal-Protective-Equipment-PPE-193_jpg.rf.72d278c6bc92d2efc94733a765935c6f.jpg, 1, 0, 0, 0, 1
erre_png_jpg.rf.73f5bb3ce0e6419be7faf58f29b52e07.jpg, 1, 0, 1, 1, 1
Using-Personal-Protection-Equipment-PPE-062_jpg.rf.72da022c7c5408421cfa4feef458b35f.jpg, 1, 0, 0, 0, 0
y_jpg.rf.731a2d982b70f6433884e3049f7449f2.jpg, 1, 0, 1, 1, 1
Demonstration-of-Donning-Putting-On-Personal-Protective-Equipment-PPE-231_jpg.rf.74ee5283419f04a2c168f0ad1a21e6f8.jpg, 1, 1, 1, 0, 1
ukudtk_jpg.rf.748b757b10b130c64859997bfc02b0a7.jpg, 1, 0, 1, 0, 0
mhv_jpg.rf.737c1e6a8baeb08557bb791d25beb951.jpg, 1, 1, 0, 0, 1
Using-Personal-Protection-Equipment-PPE-116_jpg.rf.750fcd9b352e5c27b2bc786ad5e50624.jpg, 1, 1, 0, 0, 1
Demonstration-of-Donning-Putting-On-Personal-Protective-Equipment-PPE-198_jpg.rf.74af7d72d5825a1fb1d865576c87700c.jpg, 1, 1, 0, 0, 1
How-to-properly-wear-personal-protective-equipment-for-airborne-contaminants-351_jpg.rf.753f7afabd436a021ef1745e3b85d5c4.jpg, 1, 0, 1, 0, 1
Demonstration-of-Donning-Putting-On-Personal-Protective-Equipment-PPE-157_jpg.rf.767f463e3638a2d11b216504708efd00.jpg, 1, 0, 0, 0, 1
ngc_jpg.rf.74bbc0bda01ee189060c36238a956a98.jpg, 1, 1, 1, 0, 1
gse_jpg.rf.77a8770cb3bfd29272d6a38b2ac211ef.jpg, 0, 0, 0, 0, 1
How-to-properly-wear-personal-protective-equipment-for-airborne-contaminants-227_jpg.rf.767877a0f6cf35f58ad28dea782c4d5a.jpg, 0, 0, 0, 0, 1
How-to-properly-wear-personal-protective-equipment-for-airborne-contaminants-226_jpg.rf.78b6bc8f04fedac1b1d503d30fa57bdd.jpg, 1, 0, 0, 0, 1
gfz_jpg.rf.759a82405e8e7c56cc6c3c50050bb660.jpg, 1, 1, 1, 0, 1
gdfj_jpg.rf.77f6d18331a3455c31bcf2a1b3de69b8.jpg, 1, 1, 1, 0, 1
kio_jpg.rf.768ad12f39f9865711716f47e3c439b7.jpg, 1, 0, 1, 1, 1
Demonstration-of-Donning-Putting-On-Personal-Protective-Equipment-PPE-228_jpg.rf.75101baa1df235019d6fcb75610eed05.jpg, 1, 0, 1, 0, 0
Using-Personal-Protection-Equipment-PPE-058_jpg.rf.7639ea156cec208a466b0a13cffcbce7.jpg, 1, 0, 0, 1, 1
Demonstration-of-Donning-Putting-On-Personal-Protective-Equipment-PPE-133_jpg.rf.77a0596bbb186fd0f7d56604877ec18b.jpg, 1, 0, 0, 0, 1
snap08821_jpg.rf.7871651230421737a016356fdba6218c.jpg, 1, 1, 0, 0, 1
Demonstration-of-Donning-Putting-On-Personal-Protective-Equipment-PPE-011_jpg.rf.78e3bc43d91f1bf9d3d46cf135d8e1b1.jpg, 1, 1, 1, 0, 1
How-to-properly-wear-personal-protective-equipment-for-airborne-contaminants-334_jpg.rf.78cf642701238e587de03a5bb1c18658.jpg, 1, 0, 1, 1, 1
Demonstration-of-Donning-Putting-On-Personal-Protective-Equipment-PPE-212_jpg.rf.75fb12407681b0e2df6e0a34065de811.jpg, 1, 1, 1, 0, 1
ukudtk_jpg.rf.76392edc783bede043e7f6c94764b1a4.jpg, 1, 0, 1, 0, 0
snap08701_jpg.rf.790eb2228441fb223e1f28827b908b26.jpg, 1, 1, 0, 0, 1
How-to-properly-wear-personal-protective-equipment-for-airborne-contaminants-317_jpg.rf.7923e21d8948ce484f8536136c55dd94.jpg, 0, 0, 0, 1, 1
frame06261_jpg.rf.7765fb203cba19485cc6229813a16093.jpg, 1, 0, 1, 1, 1
Using-Personal-Protection-Equipment-PPE-072_jpg.rf.761c0acdab40bd79f05ffba814877f93.jpg, 1, 1, 0, 0, 1
Demonstration-of-Donning-Putting-On-Personal-Protective-Equipment-PPE-015_jpg.rf.7a4314d00bd415390e8532685a6440e9.jpg, 1, 1, 1, 0, 1
Using-Personal-Protection-Equipment-PPE-154_jpg.rf.7ae1bd17166cb5454c3d607092a37ba1.jpg, 0, 0, 0, 0, 1
aw_jpg.rf.77e24d98ccfb400ddf08a98a426be0f5.jpg, 1, 0, 1, 1, 1
fs_jpg.rf.7a9b9abe981584daf2ce7838b3dba369.jpg, 1, 0, 1, 1, 1
frame06301_jpg.rf.774c566c76ea13c80d5b4db85178a46d.jpg, 1, 0, 1, 1, 1
frame05271_jpg.rf.776a7ddd19da0930c8179e7fe5ff2edd.jpg, 1, 0, 1, 1, 1
Using-Personal-Protection-Equipment-PPE-085_jpg.rf.78f1582032816e5863bef9d94bac07cb.jpg, 1, 0, 1, 0, 1
gfz_jpg.rf.7a2d7644fbc51ed53dd77a69f991fe28.jpg, 1, 1, 1, 0, 1
thjy_jpg.rf.7a77da56c28d1f1c32ebb18d53198803.jpg, 1, 0, 1, 1, 1
snap08661_jpg.rf.79a48ac1fbe9bc3143c4ac413e8f89d1.jpg, 1, 1, 0, 0, 1
cd_jpg.rf.78e6bc846d13f1da979e8ec4e58c286b.jpg, 1, 0, 0, 1, 1
frame06251_jpg.rf.7b73f00a8d48bf6a42a1bb80343935d1.jpg, 1, 0, 1, 1, 1
frame06261_jpg.rf.7f321da9461cee58adaa206331c26886.jpg, 1, 0, 1, 1, 1
Demonstration-of-Donning-Putting-On-Personal-Protective-Equipment-PPE-039_jpg.rf.7bdb7cd4c1388130aa676940c326beab.jpg, 0, 0, 1, 0, 1
Demonstration-of-Donning-Putting-On-Personal-Protective-Equipment-PPE-199_jpg.rf.7eb287182904a6632ce9bcb0eb71745c.jpg, 1, 1, 0, 0, 1
hye_png_jpg.rf.7ec800c0f3c4e13576a9091a789ffdbc.jpg, 1, 1, 1, 1, 1
gt_jpg.rf.80d2c4caf0e539b3715aa294a6104bbc.jpg, 1, 1, 0, 1, 1
snap00941_jpg.rf.7fd18e5b396378efdcfd8cb7bf6ce33b.jpg, 1, 1, 1, 0, 1
snap07111_jpg.rf.80183857012391915aa7ca5c6bca5d8d.jpg, 1, 1, 1, 0, 1
jh_jpg.rf.815c87aa3764c8540ddb3f21e22dc73f.jpg, 1, 0, 1, 1, 1
21fdf_jpg.rf.7ca1e5cb1ac19cedf8cf1b397345b1f2.jpg, 1, 1, 1, 1, 1
Using-Personal-Protection-Equipment-PPE-081_jpg.rf.7d82f708da46877708970c8789c51c0d.jpg, 1, 1, 1, 0, 1
Using-Personal-Protection-Equipment-PPE-056_jpg.rf.7dd5b20476f1053b6b190142522632f6.jpg, 1, 1, 0, 0, 1
fds_jpg.rf.7ff179e26a690c146bcb05504284e931.jpg, 1, 0, 1, 1, 1
How-to-properly-wear-personal-protective-equipment-for-airborne-contaminants-220_jpg.rf.7d646cc256860f97d9c16c3fc2723d01.jpg, 0, 0, 0, 0, 1
Demonstration-of-Donning-Putting-On-Personal-Protective-Equipment-PPE-227_jpg.rf.7f6b31f56d91953b855774912fd217dd.jpg, 1, 0, 1, 0, 0
Demonstration-of-Donning-Putting-On-Personal-Protective-Equipment-PPE-200_jpg.rf.7bd19e98b7c851360d3a9ebad956fb7b.jpg, 1, 1, 0, 0, 1
snap00941_jpg.rf.8021a18866611d776be106598ab73055.jpg, 1, 1, 1, 0, 1
mnfn_jpg.rf.8074e43eb665e5e25d4ba2eb54b6f4fe.jpg, 1, 0, 1, 1, 1
h_jpg.rf.7d508f503250c8fcb86e3eb3a2d93ca9.jpg, 1, 1, 1, 0, 1
How-to-properly-wear-personal-protective-equipment-for-airborne-contaminants-208_jpg.rf.81504800b12a3baf2e01569b17387011.jpg, 0, 0, 0, 0, 1
snap03031_jpg.rf.80cec2892ce6b2ed5f29b9f1f751ce2e.jpg, 1, 0, 1, 0, 0
snap07311_jpg.rf.8097a4dca29783cef705c7cddc1d914d.jpg, 1, 1, 1, 0, 1
frame05711_jpg.rf.8072d0e0ca69872a5c295625ce69f081.jpg, 1, 0, 1, 1, 1
huj_png_jpg.rf.7b10b06b923cc97dbb9a341c1d1867b5.jpg, 1, 0, 1, 0, 1
Demonstration-of-Donning-Putting-On-Personal-Protective-Equipment-PPE-120_jpg.rf.819386ccc9b1265bced64f20d4fa91db.jpg, 1, 0, 0, 0, 1
mnd_jpg.rf.81fc340808b5ea5218d7177f2fbdaa62.jpg, 1, 1, 1, 1, 1
frs_jpg.rf.8269e72d7b3b905f4c0b05fd7fc9bc2c.jpg, 1, 0, 1, 1, 1
How-to-properly-wear-personal-protective-equipment-for-airborne-contaminants-217_jpg.rf.8300485e7bf2af447850bce5be5ded32.jpg, 0, 0, 0, 0, 1
Demonstration-of-Donning-Putting-On-Personal-Protective-Equipment-PPE-108_jpg.rf.83ea76423190b87cfd8a219701ac0002.jpg, 1, 0, 0, 0, 1
snap03021_jpg.rf.836bdd15cd1f3457b5d688cd19c04c57.jpg, 1, 0, 1, 0, 0
Using-Personal-Protection-Equipment-PPE-068_jpg.rf.82065f5a29e9454dc2ec4992650f0508.jpg, 1, 1, 0, 0, 1
How-to-properly-wear-personal-protective-equipment-for-airborne-contaminants-239_jpg.rf.83621ff9ebcd0e2f28a6fc49be06262f.jpg, 0, 0, 0, 0, 1
snap08661_jpg.rf.84d3d0ffb3c7bc8802d52f9059810161.jpg, 1, 1, 0, 0, 1
snap08871_jpg.rf.83305bbd54605c3b4eb0a3384b4bcf83.jpg, 1, 1, 0, 0, 1
Demonstration-of-Donning-Putting-On-Personal-Protective-Equipment-PPE-127_jpg.rf.823dc574ef714199adeee09174a37953.jpg, 1, 0, 0, 0, 1
rtret_jpg.rf.83b99715a5e332f58e989de4d4035768.jpg, 1, 0, 1, 1, 1
How-to-properly-wear-personal-protective-equipment-for-airborne-contaminants-226_jpg.rf.85d3d67515c2e88e4c4d2831e5b10e10.jpg, 1, 0, 0, 0, 1
frame06241_jpg.rf.8418f70d4c0ce538837f9a095526b13b.jpg, 1, 0, 1, 1, 1
Demonstration-of-Donning-Putting-On-Personal-Protective-Equipment-PPE-015_jpg.rf.8457e2ce7fc0a95713b30158244d9ee9.jpg, 1, 1, 1, 0, 1
snap07091_jpg.rf.85818c9e245b4d83ad61bf8a1666333e.jpg, 1, 1, 1, 0, 1
frame05711_jpg.rf.858ccd0b64bac29dde92b0633c54dda5.jpg, 1, 0, 1, 1, 1
frame06281_jpg.rf.8481437887919df0fe2c51a95fffaa16.jpg, 1, 0, 1, 1, 1
vfs_jpg.rf.823e3897cc5e7d67e1186b17bfc5f380.jpg, 1, 1, 0, 0, 1
cd_jpg.rf.831c9e6231a45663db8c5e5de08d1019.jpg, 1, 0, 0, 1, 1
How-to-properly-wear-personal-protective-equipment-for-airborne-contaminants-245_jpg.rf.86d06b2118738b9292006f8bac14b409.jpg, 0, 0, 0, 0, 1
How-to-properly-wear-personal-protective-equipment-for-airborne-contaminants-227_jpg.rf.8602cd4565b5528dc573ced8f27897a1.jpg, 0, 0, 0, 0, 1
m_jpg.rf.866e2563d09afbd4fcdf3bde53ce1472.jpg, 1, 0, 1, 1, 1
Using-Personal-Protection-Equipment-PPE-045-Copy_jpg.rf.865293ac825c2ef129f2c87780e5b865.jpg, 1, 0, 0, 0, 1
snap08821_jpg.rf.84b07b3fc0b23668e2982a41fc35d6bc.jpg, 1, 1, 0, 0, 1
st_jpg.rf.7c915c610ce08669b55523fc9292401f.jpg, 1, 1, 0, 0, 1
Demonstration-of-Donning-Putting-On-Personal-Protective-Equipment-PPE-089_jpg.rf.870cb60f0e1b08ea6cd47c7c6440110c.jpg, 1, 1, 1, 1, 1
How-to-properly-wear-personal-protective-equipment-for-airborne-contaminants-183_jpg.rf.859628037f21943a3cabf099c93c0628.jpg, 1, 0, 0, 0, 0
hye_png_jpg.rf.86b8ee625cfe335ca3bb1875d1d02bcc.jpg, 1, 1, 1, 1, 1
dh_jpg.rf.875ada64c7e5b9bd4858e7901114c98c.jpg, 1, 1, 0, 1, 1
y_jpg.rf.88023f176dd64ac0683b2368146473f2.jpg, 1, 0, 1, 1, 1
frame05361_jpg.rf.87e5aa63251fb29bf1c7efb9cc42dcca.jpg, 1, 0, 1, 1, 1
jyjjsrjs_jpg.rf.8b497dce0c82ee47d98a61878c1afe85.jpg, 1, 0, 1, 1, 1
y_jpg.rf.898f98a318cb152fc834246818e8750c.jpg, 1, 0, 1, 1, 1
Demonstration-of-Donning-Putting-On-Personal-Protective-Equipment-PPE-193_jpg.rf.884ee7d27d860b11b5bd413a0ac7127b.jpg, 1, 0, 0, 0, 1
How-to-properly-wear-personal-protective-equipment-for-airborne-contaminants-239_jpg.rf.89f11fb1f3ec44f1a4a027d3cc8aa828.jpg, 0, 0, 0, 0, 1
mk_jpg.rf.893b518ceea33a299e394ca2742a3a6e.jpg, 1, 1, 1, 0, 1
snap07091_jpg.rf.8a2b3f7279e64039e764575a15fa6db2.jpg, 1, 1, 1, 0, 1
Demonstration-of-Donning-Putting-On-Personal-Protective-Equipment-PPE-176_jpg.rf.892311efc749390b794c6f8831368eca.jpg, 1, 0, 0, 0, 1
Using-Personal-Protection-Equipment-PPE-048_jpg.rf.87fef043b03ec0d851b1934430eb89e3.jpg, 1, 0, 0, 0, 1
uyr_jpg.rf.8ae12bfe7685066d6bea94faebaa776e.jpg, 1, 0, 1, 1, 1
snap08871_jpg.rf.8b20c8c58e983f4d5361fafadaca0cdd.jpg, 1, 1, 0, 0, 1
Demonstration-of-Donning-Putting-On-Personal-Protective-Equipment-PPE-222_jpg.rf.8bfe701a7dd87e0a788c52060b382522.jpg, 1, 1, 1, 0, 1
Demonstration-of-Donning-Putting-On-Personal-Protective-Equipment-PPE-198_jpg.rf.8bc2f6d47138c9ef35e6f8e067d0b2bb.jpg, 1, 1, 0, 0, 1
frame06561_jpg.rf.8917c4da08a71c587cb681720cfd8597.jpg, 1, 0, 1, 1, 1
i_jpg.rf.8c48c18b5fe2b4151ff50bcb038f6edd.jpg, 1, 0, 1, 1, 1
mk_jpg.rf.8abb7ce00fd09906dd1f1cd00008c368.jpg, 1, 1, 1, 0, 1
Using-Personal-Protection-Equipment-PPE-018-Copy_jpg.rf.8c14b9efac95f98b7d933b535bd8cdaa.jpg, 1, 0, 0, 0, 0
myr_jpg.rf.89bb33a01b40c1bed945a95cbaa9d8cf.jpg, 1, 0, 1, 1, 1
How-to-properly-wear-personal-protective-equipment-for-airborne-contaminants-273_jpg.rf.882605fe468c22641c5de819d10347d1.jpg, 1, 0, 0, 0, 1
mhv_jpg.rf.8bd6a7cf8042ffbdb058c5e3704321f5.jpg, 1, 1, 0, 0, 1
hda_jpg.rf.8ca9064edd78fc1bd9e246800b9fc6ab.jpg, 0, 0, 0, 1, 1
How-to-properly-wear-personal-protective-equipment-for-airborne-contaminants-317_jpg.rf.8d1613aead27109e6ca8f50c10670200.jpg, 0, 0, 0, 1, 1
thj_jpg.rf.8d37d17d4a21c63246710d3ccb50dbe3.jpg, 1, 1, 0, 0, 1
snap08351_jpg.rf.8e98dc44ac358a98d4579b424189a2b3.jpg, 1, 1, 1, 0, 1
Using-Personal-Protection-Equipment-PPE-068_jpg.rf.8b99f39a9a6f7ef23f28b6c22609b26c.jpg, 1, 1, 0, 0, 1
Using-Personal-Protection-Equipment-PPE-027-Copy_jpg.rf.8e23234a7ca1e21458074ec54f1c595e.jpg, 1, 0, 0, 0, 0
vgfa_jpg.rf.8cc76c5304797c9df95ae024fda2eb08.jpg, 1, 0, 1, 0, 0
How-to-properly-wear-personal-protective-equipment-for-airborne-contaminants-211_jpg.rf.8eed9b7436a9523e70a9a3766747f57a.jpg, 0, 0, 0, 0, 1
Using-Personal-Protection-Equipment-PPE-124_jpg.rf.8e11c2349da647f8e17bfd7f471dc5af.jpg, 1, 0, 0, 0, 1
bv_jpg.rf.882dfeb2b25035772beb98cbde9d7998.jpg, 1, 1, 1, 1, 1
frame05201_jpg.rf.9040195b845f49fc96ab5801b253abac.jpg, 1, 0, 1, 1, 1
bg_jpg.rf.8ef8ffd72f081f23441efb081f8d88a8.jpg, 1, 0, 0, 1, 1
Demonstration-of-Donning-Putting-On-Personal-Protective-Equipment-PPE-153_jpg.rf.8e2f49e4253e73c0fa60c29d82f2a3a5.jpg, 1, 0, 0, 0, 1
Demonstration-of-Donning-Putting-On-Personal-Protective-Equipment-PPE-134_jpg.rf.8faff509bbda1569d84858fa4373e781.jpg, 1, 0, 0, 0, 1
frame04691_jpg.rf.91bc0f3e6a4bf340011c99bd6c8649f3.jpg, 1, 0, 1, 0, 1
Using-Personal-Protection-Equipment-PPE-083_jpg.rf.8ef9dc4c7252e6b4d912b4dc42e16773.jpg, 1, 0, 0, 0, 0
How-to-properly-wear-personal-protective-equipment-for-airborne-contaminants-185_jpg.rf.91c5ee746b64b75e6177660d265e168a.jpg, 0, 0, 0, 0, 1
kio_jpg.rf.92492ed2a4741200158b7b11b4cc09d7.jpg, 1, 0, 1, 1, 1
Demonstration-of-Donning-Putting-On-Personal-Protective-Equipment-PPE-123_jpg.rf.919c2f47ee75dc3326d054d3ee638589.jpg, 1, 0, 0, 0, 1
Demonstration-of-Donning-Putting-On-Personal-Protective-Equipment-PPE-120_jpg.rf.9280f44d70ed9d8598f1f2a948c43547.jpg, 1, 0, 0, 0, 1
snap07271_jpg.rf.91e5ed65a41aa6de1b58a32cf5fa04a6.jpg, 1, 1, 1, 0, 1
Demonstration-of-Donning-Putting-On-Personal-Protective-Equipment-PPE-225_jpg.rf.90b366db2367870483776c2d6aea2eca.jpg, 1, 0, 1, 0, 0
ga_jpg.rf.92962f572563c267ebe371b67c2f93aa.jpg, 1, 1, 0, 0, 1
fds_jpg.rf.92dcb6c2cb397618be35cc574e33f32a.jpg, 1, 0, 1, 1, 1
How-to-properly-wear-personal-protective-equipment-for-airborne-contaminants-208_jpg.rf.9326b21fb8023f4ee1eb2e91068e5ea2.jpg, 0, 0, 0, 0, 1
htk2535_jpg.rf.92dc61f102349356b52dede200c2e23f.jpg, 1, 0, 1, 1, 1
How-to-properly-wear-personal-protective-equipment-for-airborne-contaminants-281_jpg.rf.93cf341daf5a9ff443026386a3e14eda.jpg, 1, 0, 0, 0, 0
snap08711_jpg.rf.93ecf42798f509a7898bfc04a3161e2e.jpg, 1, 1, 0, 0, 1
Using-Personal-Protection-Equipment-PPE-072_jpg.rf.92b8321a579b392d54a31c6a9193af54.jpg, 1, 1, 0, 0, 1
frame05341_jpg.rf.942114d8ec49a490fad21aaea2b14a12.jpg, 1, 0, 1, 1, 1
d_jpg.rf.95e4df09f6d958345710b8d0b47cefbd.jpg, 1, 1, 1, 0, 1
frame06521_jpg.rf.94f23c06149581907f97141695231d2e.jpg, 1, 0, 1, 1, 1
bn_jpg.rf.957724d6ea47188239fa07da72df7a55.jpg, 1, 0, 0, 1, 1
snap07271_jpg.rf.99059873ebe875ca287cde79eeffabac.jpg, 1, 1, 1, 0, 1
frame06551_jpg.rf.955d034039eafcf2a68ff7ddbb2df2df.jpg, 1, 0, 1, 1, 1
Using-Personal-Protection-Equipment-PPE-020-Copy_jpg.rf.95e0b44f2ded7581f0b467eb884a68bd.jpg, 1, 0, 0, 0, 0
Using-Personal-Protection-Equipment-PPE-038-Copy_jpg.rf.9860fab50b15de5f1ac32f84cf1ffca2.jpg, 1, 0, 0, 0, 0
frame05201_jpg.rf.96943ef740ffb428f370900da1fe1908.jpg, 1, 0, 1, 1, 1
How-to-properly-wear-personal-protective-equipment-for-airborne-contaminants-317_jpg.rf.98ab202525263bd5bc7ddccd1f87f180.jpg, 0, 0, 0, 1, 1
frame06231_jpg.rf.98e4c02461923a1d6312088e482eaf2f.jpg, 1, 0, 1, 1, 1
snap00881_jpg.rf.96e92003f6813af6947e8cac486d2587.jpg, 1, 1, 1, 0, 1
How-to-properly-wear-personal-protective-equipment-for-airborne-contaminants-278_jpg.rf.99dced9bbc031f7ac43c3659719c116d.jpg, 1, 0, 0, 0, 1
myr_jpg.rf.98812a4ad622ffafd884f466a2903d8d.jpg, 1, 0, 1, 1, 1
ghs_jpeg_jpg.rf.9b26865f10fd1ba0420dd90df37a041a.jpg, 1, 1, 1, 0, 1
3y46u_jpg.rf.956af5e3410ead8c64c9db3993def667.jpg, 1, 0, 0, 0, 1
ghd_jpg.rf.976e59747167555837b33fbdde0e24b9.jpg, 1, 1, 1, 1, 1
frame05441_jpg.rf.99c922fe52e2ed867aeac2721db68270.jpg, 1, 0, 1, 1, 0
bgv_jpg.rf.963b3128a9021ad7a82bd08987ca7b1e.jpg, 1, 1, 0, 1, 1
Using-Personal-Protection-Equipment-PPE-055_jpg.rf.9bcb8ff1d5c36e210a27badb80bb539c.jpg, 1, 0, 0, 0, 1
fs_jpg.rf.9a7e7e793fad3449a49955e6a91e196c.jpg, 1, 0, 1, 1, 1
frame06301_jpg.rf.9a7158ae98802a635ddb22aae8123c82.jpg, 1, 0, 1, 1, 1
ngc_jpg.rf.991ee6ca1478571595c7fb7a84d593f3.jpg, 1, 1, 1, 0, 1
frame04701_jpg.rf.9b47a0e47e24e68fc19090253d89eaef.jpg, 1, 0, 0, 0, 1
How-to-properly-wear-personal-protective-equipment-for-airborne-contaminants-382_jpg.rf.9bd8e0de5fb704b1400cfd0d7b0f739c.jpg, 0, 0, 1, 0, 0
ej_jpg.rf.97ad0771beca3c3f97438ad8eaada700.jpg, 1, 0, 1, 1, 1
Demonstration-of-Donning-Putting-On-Personal-Protective-Equipment-PPE-085_jpg.rf.99574bed3a279d9a7e6b9eefaa2dd137.jpg, 1, 1, 1, 1, 1
frame05221_jpg.rf.9b982513a08dfdad39d08a63df6d2ab3.jpg, 1, 0, 1, 1, 1
Demonstration-of-Donning-Putting-On-Personal-Protective-Equipment-PPE-200_jpg.rf.9baff55c612cfbafdc50530e79bf2383.jpg, 1, 1, 0, 0, 1
frame05121_jpg.rf.9cda4ac2ce26cb96fd3fb3a8cd31fe40.jpg, 1, 0, 1, 1, 1
frame06251_jpg.rf.9ca6e8fcdffd458a94a0c7ed922cc652.jpg, 1, 0, 1, 1, 1
Demonstration-of-Donning-Putting-On-Personal-Protective-Equipment-PPE-186_jpg.rf.9cf2ce830db1002858f29f6240f1796c.jpg, 1, 0, 0, 0, 1
frame05261_jpg.rf.9d44e9c4fcb50d88de802c7af5c342cc.jpg, 1, 0, 1, 1, 1
vfs_jpg.rf.9d8c96944cf3927ab602af3ad2559253.jpg, 1, 1, 0, 0, 1
Demonstration-of-Donning-Putting-On-Personal-Protective-Equipment-PPE-087_jpg.rf.9c29ea7b4e4cbf4d1efd273614e1db76.jpg, 1, 1, 1, 1, 1
frame05111_jpg.rf.9f0ec872aacf5d353b0d5ecc4ec24cb6.jpg, 1, 0, 1, 1, 1
bcfx_jpg.rf.9d9024107f3eeb7a083d0bcc08e89f28.jpg, 0, 1, 1, 0, 1
Using-Personal-Protection-Equipment-PPE-024-Copy_jpg.rf.9e0edbaaff6e45d143263a2a316b412c.jpg, 1, 0, 0, 0, 0
htnj_jpg.rf.a080fceff431e23fb89129cdd0fb5445.jpg, 1, 1, 1, 0, 1
How-to-properly-wear-personal-protective-equipment-for-airborne-contaminants-325_jpg.rf.96edc547ab4afc0cbb4ff09fe5bc5c32.jpg, 1, 0, 1, 1, 1
fhtzd_jpg.rf.a1702bd94db0f24575efe7ce18176859.jpg, 1, 0, 1, 1, 1
Using-Personal-Protection-Equipment-PPE-062_jpg.rf.a171f839855b6d55456df61c644d32cb.jpg, 1, 0, 0, 0, 0
Using-Personal-Protection-Equipment-PPE-145_jpg.rf.a091f02ee9a4af12cf0c6b357566aa6f.jpg, 0, 0, 0, 0, 1
snap07081_jpg.rf.a55cb3d3d1cd98d1a02c970bed1d4eab.jpg, 1, 1, 1, 0, 0
bfhe_jpg.rf.a24fa46f951f36e719c1a524a0a142f5.jpg, 1, 1, 1, 1, 1
Demonstration-of-Donning-Putting-On-Personal-Protective-Equipment-PPE-156_jpg.rf.a27fcbbcbf72772ee31869dceb2f9fa5.jpg, 1, 0, 0, 0, 1
snap08851_jpg.rf.a06e669479c774d45a4d419f6b74ff4f.jpg, 1, 1, 0, 0, 1
ngc_jpg.rf.a10f56924a3dbde2145fa7c6421ce52f.jpg, 1, 1, 1, 0, 1
snap08711_jpg.rf.a03dcd386b7f06cd7c9ee55ea703a3a6.jpg, 1, 1, 0, 0, 1
jje_jpg.rf.a378c9b70f4a5c5d4a598b68d4707c7d.jpg, 1, 0, 1, 1, 1
hus_jpg.rf.a5056a4098136fe3adc719ab4f37c815.jpg, 1, 1, 0, 0, 1
frame06211_jpg.rf.a5ede528a15f7c9dae5bd5c61b3b1629.jpg, 1, 0, 1, 1, 1
wwq_jpg.rf.a5be2c311ec23d6726cd90461151cff1.jpg, 1, 0, 1, 1, 1
yydr_jpg.rf.a730c647cb125bd402689bd2831d1ed2.jpg, 1, 1, 1, 1, 1
Demonstration-of-Donning-Putting-On-Personal-Protective-Equipment-PPE-080-Copy-Copy_jpg.rf.a65f7768d262e0354163711eaa1707a8.jpg, 1, 1, 1, 1, 1
How-to-properly-wear-personal-protective-equipment-for-airborne-contaminants-318_jpg.rf.a2e714f5a0433bb62617923be9b3153e.jpg, 0, 0, 0, 1, 1
snap07061_jpg.rf.a63cbae7e7558a53c7970d4efb122f78.jpg, 1, 1, 1, 0, 1
How-to-properly-wear-personal-protective-equipment-for-airborne-contaminants-382_jpg.rf.9da1b3f5450e11ef57eb51d344348b9a.jpg, 0, 0, 1, 0, 0
hus_jpg.rf.a6a90427ac242f3cbbfee0a985cc60e4.jpg, 1, 1, 0, 0, 1
How-to-properly-wear-personal-protective-equipment-for-airborne-contaminants-351_jpg.rf.a748cc880876395488442eb30d38e075.jpg, 1, 0, 1, 0, 1
wwwwwg_jpeg_jpg.rf.a66f9363ef07c49d4177dad3f0ed0cec.jpg, 0, 0, 1, 0, 1
ds_jpg.rf.a0780cbc7b226eae5eaa550847e900ae.jpg, 1, 0, 1, 1, 1
dfg_jpg.rf.9f7f9984acc14267c228ba7f9c363126.jpg, 1, 1, 0, 1, 1
Using-Personal-Protection-Equipment-PPE-038-Copy_jpg.rf.a78720aa03ffb8854e6497f5f6f27b82.jpg, 1, 0, 0, 0, 0
Demonstration-of-Donning-Putting-On-Personal-Protective-Equipment-PPE-087_jpg.rf.a72ead04945a0fb73b0c253255a49ca1.jpg, 1, 1, 1, 1, 1
Demonstration-of-Donning-Putting-On-Personal-Protective-Equipment-PPE-222_jpg.rf.a740779f0830dcb6649d22c629a5d8e5.jpg, 1, 1, 1, 0, 1
snap00931_jpg.rf.a90f110b9778e91f0dd76255693ff11e.jpg, 1, 1, 1, 0, 1
mnd_jpg.rf.a758bb064948eb8c3a8c89e08e63fc5f.jpg, 1, 1, 1, 1, 1
snap00891_jpg.rf.a8f7f67796282902de009f6ea7440aa6.jpg, 1, 1, 1, 0, 1
frame05301_jpg.rf.a8877d6123d5420a72a8c75237de8f25.jpg, 1, 0, 1, 1, 1
Demonstration-of-Donning-Putting-On-Personal-Protective-Equipment-PPE-201_jpg.rf.a85ccf03b1c72145fc0a51919a3be407.jpg, 1, 1, 0, 0, 1
Using-Personal-Protection-Equipment-PPE-066_jpg.rf.a829b9082641182abffae4a214dc6b46.jpg, 1, 0, 0, 0, 0
snap00911_jpg.rf.a814eb26a815b8505e0def9f406c4eb5.jpg, 1, 1, 1, 0, 1
How-to-properly-wear-personal-protective-equipment-for-airborne-contaminants-325_jpg.rf.a972758459224314982b23a14d6dfc00.jpg, 1, 0, 1, 1, 1
Demonstration-of-Donning-Putting-On-Personal-Protective-Equipment-PPE-211_jpg.rf.a95295f0d247756e75072f1356522e12.jpg, 1, 0, 1, 0, 0
frame06491_jpg.rf.ab00e496885fc8c7ede0e11453c87738.jpg, 1, 0, 1, 1, 1
Demonstration-of-Donning-Putting-On-Personal-Protective-Equipment-PPE-188_jpg.rf.a7dd1ee3192f0f2770b34aab92564af4.jpg, 1, 0, 0, 0, 1
kjknj_jpg.rf.a96df1bf28ac9d012581c447cc22af50.jpg, 1, 1, 0, 0, 1
How-to-properly-wear-personal-protective-equipment-for-airborne-contaminants-273_jpg.rf.aaf36b0fafa64fd6023c4a4d20b2da1e.jpg, 1, 0, 0, 0, 1
snap00911_jpg.rf.ab2fe7e6b42aa758a40d0ef05e444003.jpg, 1, 1, 1, 0, 1
snap07231_jpg.rf.a86d7667aceec89059fe1bdd172385f4.jpg, 1, 1, 1, 0, 1
cxj_jpg.rf.b037853e9b130d9c3ec40486a896288a.jpg, 1, 1, 1, 0, 1
How-to-properly-wear-personal-protective-equipment-for-airborne-contaminants-217_jpg.rf.aebd65b41c7bafa591273a54426cb07c.jpg, 0, 0, 0, 0, 1
Using-Personal-Protection-Equipment-PPE-035-Copy_jpg.rf.a9ca7298a105908eed6d1e784ce8a94d.jpg, 1, 0, 0, 0, 0
frame05221_jpg.rf.add8aae88597980b0bbf80e6b93bde04.jpg, 1, 0, 1, 1, 1
snap07231_jpg.rf.adfc0f68247f0eb1a0e4905ae2f3e252.jpg, 1, 1, 1, 0, 1
How-to-properly-wear-personal-protective-equipment-for-airborne-contaminants-282_jpg.rf.ac6d72c2116c8165772cb6a95e6bc106.jpg, 1, 0, 0, 0, 1
Demonstration-of-Donning-Putting-On-Personal-Protective-Equipment-PPE-184_jpg.rf.b16ca331d302f65642392558f2367287.jpg, 1, 0, 0, 0, 1
Using-Personal-Protection-Equipment-PPE-109_jpg.rf.b0c38e20226972b87b029f64c6d4411a.jpg, 1, 0, 0, 0, 0
frame05371_jpg.rf.b06e843e7f2c5b5de6b78a6f486c3bec.jpg, 1, 0, 1, 1, 1
Using-Personal-Protection-Equipment-PPE-116_jpg.rf.afd0a0c4f3656b884bd98f8c129cf980.jpg, 1, 1, 0, 0, 1
5uhyf_jpg.rf.afb49deef1fc66f372e2929db4b39b65.jpg, 0, 1, 0, 0, 1
Demonstration-of-Donning-Putting-On-Personal-Protective-Equipment-PPE-108_jpg.rf.ad02298cf8c1469fede020d3cbff20c3.jpg, 1, 0, 0, 0, 1
Demonstration-of-Donning-Putting-On-Personal-Protective-Equipment-PPE-197_jpg.rf.adf948ce6c905e40933e84fba14760c6.jpg, 1, 0, 0, 0, 0
tui_jpg.rf.b15a97b53c6f3e59b2e396a031110c0a.jpg, 1, 0, 0, 1, 1
frame04661_jpg.rf.b2e7e0dd7ab8320b5364125b1562f508.jpg, 1, 0, 1, 0, 1
How-to-properly-wear-personal-protective-equipment-for-airborne-contaminants-211_jpg.rf.b3a07a2dc36d1b1363539f18accf9176.jpg, 0, 0, 0, 0, 1
Using-Personal-Protection-Equipment-PPE-124_jpg.rf.b15f35e4bf76e7b37c31ef32f97994a0.jpg, 1, 0, 0, 0, 1
snap03021_jpg.rf.b094b4077f60ded34d62f02fa6971419.jpg, 1, 0, 1, 0, 0
snap08901_jpg.rf.b3130dcda20539802892e33fc3df3a2b.jpg, 1, 1, 1, 0, 1
dh_jpg.rf.b1c86b3ce04a303bb7ef194993a9455a.jpg, 1, 1, 0, 1, 1
uwe_jpg.rf.b40863ca5fa1b9b2ca68c127afdbacd8.jpg, 1, 0, 1, 1, 1
fxda_jpg.rf.b327d3b9e0356940c5af481f90292969.jpg, 1, 0, 1, 0, 1
Using-Personal-Protection-Equipment-PPE-055_jpg.rf.b26dff6f3f22115d79fc9b2776fdd53c.jpg, 1, 0, 0, 0, 1
gdA_jpg.rf.b4b826fe7a546df8d9f6bbc12b88a67c.jpg, 1, 1, 0, 0, 1
Demonstration-of-Donning-Putting-On-Personal-Protective-Equipment-PPE-186_jpg.rf.b17d5d6c038bf41afaaef86e20bb9965.jpg, 1, 0, 0, 0, 1
bvc_jpg.rf.b09b4f1010d5341909861ef293e2d810.jpg, 1, 0, 1, 1, 1
snap08351_jpg.rf.b355cb2a9d38cb9e61d5dc1a4d945fb2.jpg, 1, 1, 1, 0, 1
Demonstration-of-Donning-Putting-On-Personal-Protective-Equipment-PPE-013_jpg.rf.b535c85e559df824ea81607610da710e.jpg, 1, 1, 1, 0, 1
frame05471_jpg.rf.b1bc805a447ebe7f0dae7432a6423d25.jpg, 1, 0, 1, 1, 1
frs_jpg.rf.b5eaeab7b7fb9b6fc7fd502356dc7cbf.jpg, 1, 0, 1, 1, 1
jfe_jpg.rf.a99dc31b498c0f2625f03ec240919edf.jpg, 1, 1, 1, 0, 1
sm_jpg.rf.b5474670a2981975bfd692205cf8dee5.jpg, 0, 1, 0, 1, 1
frame05371_jpg.rf.b50c88277621ac178bd01727f971692f.jpg, 1, 0, 1, 1, 1
Using-Personal-Protection-Equipment-PPE-055_jpg.rf.b7bb9e86995dc563a578037833460c29.jpg, 1, 0, 0, 0, 1
snap08361_jpg.rf.b74c8df16535072c537255b9a34f4868.jpg, 1, 1, 1, 0, 1
snap08671_jpg.rf.b63422d12a641505217e89f85c205310.jpg, 1, 1, 0, 0, 1
fhtzd_jpg.rf.b80a91b5c00d352bf715210b8f85a943.jpg, 1, 0, 1, 1, 1
tde_jpg.rf.b8fdbac4dff768fef6550d5c1fea23f8.jpg, 1, 1, 1, 1, 1
snap07241_jpg.rf.ba40eb0c44fa2371815e99488e89cf50.jpg, 1, 1, 0, 0, 1
snap07311_jpg.rf.b9994dd02e44f670939fbd9d273ab560.jpg, 1, 1, 1, 0, 1
How-to-properly-wear-personal-protective-equipment-for-airborne-contaminants-179_jpg.rf.b8600a8fd4e037075db9d30ac2c046ff.jpg, 1, 0, 0, 0, 0
Demonstration-of-Donning-Putting-On-Personal-Protective-Equipment-PPE-196_jpg.rf.b6baa23e17a22bf16f315c07a2e6fb86.jpg, 1, 1, 0, 0, 1
frame05711_jpg.rf.b7907f8daa8095dcff062e1495a7edea.jpg, 1, 0, 1, 1, 1
cxfd_jpg.rf.b610d4a38b42d9ee114a0a15cec1bb17.jpg, 1, 0, 0, 0, 1
snap08691_jpg.rf.baac89bb635a9157d059f79a33def7b1.jpg, 1, 1, 0, 0, 1
Demonstration-of-Donning-Putting-On-Personal-Protective-Equipment-PPE-133_jpg.rf.b7ef1411259aa5a79fab460fec62dbaa.jpg, 1, 0, 0, 0, 1
snap08851_jpg.rf.bbc4502696ee30ca540dd145b6a4f036.jpg, 1, 1, 0, 0, 1
snap08381_jpg.rf.b65352011a02aeadc9835d1732865c14.jpg, 1, 1, 1, 0, 1
frame05221_jpg.rf.bde97fd5b2f21fde636bdb46431450e3.jpg, 1, 0, 1, 1, 1
How-to-properly-wear-personal-protective-equipment-for-airborne-contaminants-285_jpg.rf.b99412c2ea528259c1d886e6bf36b6cb.jpg, 1, 0, 0, 0, 1
How-to-properly-wear-personal-protective-equipment-for-airborne-contaminants-239_jpg.rf.bb14071e25371b0c971a674a278b689c.jpg, 0, 0, 0, 0, 1
Demonstration-of-Donning-Putting-On-Personal-Protective-Equipment-PPE-227_jpg.rf.bbee4bc307985275d9997a7fad567645.jpg, 1, 0, 1, 0, 0
snap08861_jpg.rf.bd41538c9f696d3d088cd510c2b5d8f2.jpg, 1, 1, 0, 0, 1
Demonstration-of-Donning-Putting-On-Personal-Protective-Equipment-PPE-079-Copy-2-_jpg.rf.bc6bd7d25a5ad78699c456e806f602e9.jpg, 1, 1, 1, 1, 1
Demonstration-of-Donning-Putting-On-Personal-Protective-Equipment-PPE-203_jpg.rf.babb3f76d78ecd6015a103f3e2586418.jpg, 1, 1, 0, 0, 1
snap07081_jpg.rf.b9bef0c3e53df6f1c5dd0d655220723e.jpg, 1, 1, 1, 0, 0
gse_jpg.rf.bad8c3c858406a394762f14da744bb85.jpg, 0, 0, 0, 0, 1
Demonstration-of-Donning-Putting-On-Personal-Protective-Equipment-PPE-184_jpg.rf.bbe42a02d711486ae62460eaf12ba571.jpg, 1, 0, 0, 0, 1
How-to-properly-wear-personal-protective-equipment-for-airborne-contaminants-269_jpg.rf.bd1b783ff798f2f407af91bfd67e9f87.jpg, 1, 0, 0, 0, 1
frame04701_jpg.rf.bbfae1eae7f8e2e4da662d0e164cd48e.jpg, 1, 0, 0, 0, 1
ej_jpg.rf.be0ebb9aa9b9de2dc08e44689a2b3b1c.jpg, 1, 0, 1, 1, 1
frame06301_jpg.rf.be2c674e9cc1d333589a4fffdc5ff72a.jpg, 1, 0, 1, 1, 1
How-to-properly-wear-personal-protective-equipment-for-airborne-contaminants-331_jpg.rf.bec901146aff670fced0edd30e208697.jpg, 1, 0, 1, 0, 0
frame06201_jpg.rf.bdf57ae95dd4bf48156fdb75210b0ca0.jpg, 1, 0, 1, 1, 1
How-to-properly-wear-personal-protective-equipment-for-airborne-contaminants-245_jpg.rf.bc641c8f5d4c76afeef6d004fc070358.jpg, 0, 0, 0, 0, 1
snap08371_jpg.rf.005c4868203ab60805d428b2d2018e83.jpg, 1, 1, 1, 0, 1
aw_jpg.rf.013760730dd740a93e74df6c8497a528.jpg, 1, 0, 1, 1, 1
nx_jpg.rf.0000ce63dd13b913d016e8c48dd6951c.jpg, 0, 0, 0, 1, 1
ss_jpg.rf.01563cb3aa2d9dd4946601708c006617.jpg, 1, 1, 1, 0, 1
tui_jpg.rf.01f9a13827ec6985f52b17a4700e5b74.jpg, 1, 0, 0, 1, 1
How-to-properly-wear-personal-protective-equipment-for-airborne-contaminants-217_jpg.rf.00d4d4298a572a0f18594ada4251b204.jpg, 0, 0, 0, 0, 1
Demonstration-of-Donning-Putting-On-Personal-Protective-Equipment-PPE-119_jpg.rf.0201e96de03e758a954e9178d1e98c5a.jpg, 1, 0, 0, 0, 1
Using-Personal-Protection-Equipment-PPE-048_jpg.rf.012f355aaec40cf424212479a4ca3be5.jpg, 1, 0, 0, 0, 1
frame05361_jpg.rf.01c1588d472d7c6295f744b394789409.jpg, 1, 0, 1, 1, 1
Demonstration-of-Donning-Putting-On-Personal-Protective-Equipment-PPE-188_jpg.rf.051e8bc1c278380c802a9fe714d5f8d2.jpg, 1, 0, 0, 0, 1
How-to-properly-wear-personal-protective-equipment-for-airborne-contaminants-328_jpg.rf.03965baf3ab1a387458804d82a675709.jpg, 0, 0, 0, 1, 1
rhyj_jpg.rf.054af19375f4b756e3112681567a3436.jpg, 1, 1, 0, 0, 1
gfz_jpg.rf.04d83ef1b7d8b4ecc53e7e6f5c85286d.jpg, 1, 1, 1, 0, 1
bgv_jpg.rf.05545533a07317e291d860dcc65fd5ad.jpg, 1, 1, 0, 1, 1
snap07071_jpg.rf.0212803d69b9e945f19b5f1e7918d69b.jpg, 1, 1, 1, 0, 1
snap07291_jpg.rf.060c6cbbcbeffbb0634e335b8c3eeba1.jpg, 1, 1, 1, 0, 1
ft52_jpg.rf.0676c204443e2288a6b421b65b110fa7.jpg, 1, 0, 1, 1, 1
snap08841_jpg.rf.082f3ff01fd307ab12fab011fca1d5da.jpg, 1, 1, 0, 0, 1
frame06201_jpg.rf.0667b533a455a952e29c9f1f062170ed.jpg, 1, 0, 1, 1, 1
erre_png_jpg.rf.0928f28d04dc862c46b65b8253ae0483.jpg, 1, 0, 1, 1, 1
Demonstration-of-Donning-Putting-On-Personal-Protective-Equipment-PPE-078-Copy-Copy_jpg.rf.06e9cf4fb255870d3e6ec9b2d10f3e5e.jpg, 1, 1, 1, 1, 1
frame06241_jpg.rf.090667ce880af4e4431e383486c4b94d.jpg, 1, 0, 1, 1, 1
gdr_jpg.rf.08fc6196dbe52a6f25c1fdfe3c2521ed.jpg, 1, 0, 1, 0, 1
frame04701_jpg.rf.082c429f7feaa0646b74c38cf22b61b5.jpg, 1, 0, 0, 0, 1
Using-Personal-Protection-Equipment-PPE-060_jpg.rf.06c60f0e58013106d74d8331605cdade.jpg, 1, 0, 0, 0, 1
Demonstration-of-Donning-Putting-On-Personal-Protective-Equipment-PPE-228_jpg.rf.0683fcd10ea994dffd4848af6ff144c3.jpg, 1, 0, 1, 0, 0
nn_jpg.rf.090d9f86e5c877384f721f34f917dc74.jpg, 1, 1, 1, 0, 1
dsz_jpg.rf.09dc6b14ed2b3801297044ea7dcafcd3.jpg, 1, 1, 1, 0, 1
kio_jpg.rf.09fc60021042ccdfe3ff84a1c7b6c2c2.jpg, 1, 0, 1, 1, 1
sdh_jpg.rf.0b7d64f77e90f35d59821e25b5eedb80.jpg, 1, 0, 1, 1, 1
snap07331_jpg.rf.098b979740b30d56dbd2d42a32668417.jpg, 1, 1, 1, 0, 1
How-to-properly-wear-personal-protective-equipment-for-airborne-contaminants-181_jpg.rf.0b646b73d0a916fc895228fa2209779d.jpg, 1, 0, 0, 0, 0
snap08871_jpg.rf.08aa4e57aee0a6dc8a067f1aa1a02b59.jpg, 1, 1, 0, 0, 1
b_jpg.rf.0a9c0ceda3d77382cc228c2792d480b4.jpg, 1, 0, 0, 1, 1
Using-Personal-Protection-Equipment-PPE-097_jpg.rf.0a0d53b5d7783c2d69322d1bf0ff42ee.jpg, 1, 0, 0, 1, 1
frame06211_jpg.rf.0b4abc91f360fa548b3808f79ea241fe.jpg, 1, 0, 1, 1, 1
fsaz_jpg.rf.0b4abef29531fd86ca2a624b33b1d2c7.jpg, 1, 1, 1, 1, 1
Demonstration-of-Donning-Putting-On-Personal-Protective-Equipment-PPE-087_jpg.rf.0ac9025d6c6424b1fbce31a6a61db754.jpg, 1, 1, 1, 1, 1
cxcf_jpg.rf.09602366dd16a7de3b65da8733b3908e.jpg, 1, 1, 1, 0, 1
How-to-properly-wear-personal-protective-equipment-for-airborne-contaminants-171_jpg.rf.0b9f7afbf984d7ff34417c3b22d8022f.jpg, 1, 0, 0, 0, 0
Demonstration-of-Donning-Putting-On-Personal-Protective-Equipment-PPE-176_jpg.rf.0b0789e3e46f337be014b56924c7f34d.jpg, 1, 0, 0, 0, 1
How-to-properly-wear-personal-protective-equipment-for-airborne-contaminants-227_jpg.rf.0c1d329fdb2c4dbf2a820f55da9ecc3b.jpg, 0, 0, 0, 0, 1
gdr_jpg.rf.0c9e0fd03cae07a3d3892403322bc714.jpg, 1, 0, 1, 0, 1
snap08881_jpg.rf.0f421afe644833d31a898da306c2cf4e.jpg, 1, 1, 0, 0, 1
Demonstration-of-Donning-Putting-On-Personal-Protective-Equipment-PPE-080-Copy-Copy_jpg.rf.0d2edff5a64046968229c994a551e7ae.jpg, 1, 1, 1, 1, 1
frame06131_jpg.rf.0bdee451af166fb7d7f6f160278ec066.jpg, 1, 0, 1, 1, 1
frame05201_jpg.rf.0e47ed3c39be324847a428edce92f55e.jpg, 1, 0, 1, 1, 1
dfg_jpg.rf.0cd3a8f659f34550a0b86f6e0e7fb91f.jpg, 1, 1, 0, 1, 1
Demonstration-of-Donning-Putting-On-Personal-Protective-Equipment-PPE-119_jpg.rf.0d0488bc05035e5c90125e5fbdc992a1.jpg, 1, 0, 0, 0, 1
frame05301_jpg.rf.0f1ad6a963a348785d8f99d03e9a46b3.jpg, 1, 0, 1, 1, 1
Using-Personal-Protection-Equipment-PPE-050_jpg.rf.0f13420ecbf194f3b52f21b0524263fb.jpg, 1, 0, 0, 0, 1
frame06231_jpg.rf.0f6c4d93383eead9477ef02ca5d20d65.jpg, 1, 0, 1, 1, 1
Using-Personal-Protection-Equipment-PPE-085_jpg.rf.0e67c21cf9b1b39d09baf8df191c4b41.jpg, 1, 0, 1, 0, 1
frame06571_jpg.rf.0c66e22bbe135291da80f8fb3780dac3.jpg, 1, 0, 1, 1, 1
ge_jpg.rf.10e5282817db39360a4ab039df3e62a7.jpg, 1, 0, 1, 1, 1
wwq_jpg.rf.118eabc0b128b35ddf2ad5b8779f4bee.jpg, 1, 0, 1, 1, 1
Using-Personal-Protection-Equipment-PPE-147_jpg.rf.10da1278aa90dd94c287fb7c50435c1d.jpg, 0, 0, 0, 0, 1
snap08811_jpg.rf.10980e0244797e37dea5d7931dbe7461.jpg, 1, 1, 0, 0, 1
tde_jpg.rf.11a9ab411195c07bf5bd326409e3e194.jpg, 1, 1, 1, 1, 1
How-to-properly-wear-personal-protective-equipment-for-airborne-contaminants-182_jpg.rf.122f01ae7b31e128228c7fe5de8756f8.jpg, 1, 0, 0, 0, 0
frame05661_jpg.rf.119d105aebb4424ca0cdd2272bcdb90f.jpg, 1, 0, 1, 1, 1
b_jpg.rf.0fc76fceeedd55ba2829b528952249b6.jpg, 1, 0, 0, 1, 1
snap08371_jpg.rf.1221659e480670eaebf05db0f739feff.jpg, 1, 1, 1, 0, 1
mj_jpg.rf.0d8f592fcd75dc0177e31fda9c605cdc.jpg, 0, 0, 1, 1, 1
st_jpg.rf.11e4f28e0209bec954e4ec3cc56efec2.jpg, 1, 1, 0, 0, 1
frame06281_jpg.rf.10b688e192a3333339e0959270fefbf6.jpg, 1, 0, 1, 1, 1
fgthtrj_jpg.rf.0e9e913cac5ee6f6542f260957b7c8b5.jpg, 1, 0, 0, 1, 1
ffyj_jpg.rf.12cd6576a1c94a7f7fc43455ed7c5771.jpg, 1, 1, 1, 1, 1
jyje_jpg.rf.13394fa7bc6adc364508d35cb5a7073f.jpg, 1, 1, 1, 0, 1
gdf_jpg.rf.0f960c5a6c00cdfc8bdcd1c20dcbe9dd.jpg, 1, 0, 0, 1, 1
frame04161_jpg.rf.1377c8260c37a7eec2b6c56cfac3d8f4.jpg, 1, 0, 1, 0, 1
snap07061_jpg.rf.128290bc895a693650c0c77eb7f3e3d7.jpg, 1, 1, 1, 0, 1
Demonstration-of-Donning-Putting-On-Personal-Protective-Equipment-PPE-222_jpg.rf.1380eb517e4b14e08467588aa45bfeb6.jpg, 1, 1, 1, 0, 1
thj_jpg.rf.153e6a1856c8832af571d591745c3b59.jpg, 1, 1, 0, 0, 1
snap07241_jpg.rf.13c5638e352241bcb1f10990a1b917ff.jpg, 1, 1, 0, 0, 1
gthy_jpg.rf.126e41a93b24a72daf6437807b84c307.jpg, 1, 1, 1, 0, 1
hehy_jpg.rf.11bf468fa50fcf46ffc485d5f03bfc85.jpg, 1, 1, 1, 0, 1
gtuyk_jpeg_jpg.rf.14b8be18286eab36d38ae85def4957c9.jpg, 1, 1, 1, 0, 1
zsz_jpg.rf.1637c55ffc29bbe4488be1a3c6706473.jpg, 1, 1, 1, 1, 1
frame05371_jpg.rf.164e92c6bca14bd220076414a4d43800.jpg, 1, 0, 1, 1, 1
snap08661_jpg.rf.134f958fca458e0925ab4457c3421813.jpg, 1, 1, 0, 0, 1
frame05321_jpg.rf.15bef610215f613ac1109c6fe1a71e62.jpg, 1, 0, 1, 1, 1
ukudtk_jpg.rf.176de2776a6b2c48e48930563733c77a.jpg, 1, 0, 1, 0, 0
How-to-properly-wear-personal-protective-equipment-for-airborne-contaminants-278_jpg.rf.1693e206d7db4bdcc9ced575374d3de6.jpg, 1, 0, 0, 0, 1
How-to-properly-wear-personal-protective-equipment-for-airborne-contaminants-328_jpg.rf.141f5ee1b42efcbcf0b5a8b2fce2139a.jpg, 0, 0, 0, 1, 1
zsz_jpg.rf.161c4911b331fbcbb2cc173236db3f68.jpg, 1, 1, 1, 1, 1
How-to-properly-wear-personal-protective-equipment-for-airborne-contaminants-328_jpg.rf.18bb675a28d6aa8405c3c989e720fb5f.jpg, 0, 0, 0, 1, 1
frame05351_jpg.rf.13b3e014e81f167fcb2e5621d92c4955.jpg, 1, 0, 1, 1, 1
thjy_jpg.rf.17f0da59d0912e21b56803cf0460933b.jpg, 1, 0, 1, 1, 1
How-to-properly-wear-personal-protective-equipment-for-airborne-contaminants-322_jpg.rf.14e0b048931550a2bb382a7e3a6c51ca.jpg, 1, 0, 1, 1, 1
sdh_jpg.rf.15500645e1f7b86b15ad4bb1f53311a5.jpg, 1, 0, 1, 1, 1
Using-Personal-Protection-Equipment-PPE-057_jpg.rf.18b305abd307246e3eb0c0ec58ea6aa1.jpg, 1, 1, 0, 0, 1
fshjs_jpeg_jpg.rf.17b180a2179a742897bf279b39e06d84.jpg, 1, 0, 0, 0, 1
Using-Personal-Protection-Equipment-PPE-109_jpg.rf.17e9af68beeff9150079222da699c577.jpg, 1, 0, 0, 0, 0
5uhyf_jpg.rf.18c5896f32cdb26a878cc8757651155a.jpg, 0, 1, 0, 0, 1
Demonstration-of-Donning-Putting-On-Personal-Protective-Equipment-PPE-231_jpg.rf.17df3e4928ce4bccbf632cbaff63a8c2.jpg, 1, 1, 1, 0, 1
frame06511_jpg.rf.18da1f64e2be6d5b1d3ae416e28219f5.jpg, 1, 0, 1, 1, 1
snap07291_jpg.rf.1a151f3269442da4335a06b08e683e4d.jpg, 1, 1, 1, 0, 1
Demonstration-of-Donning-Putting-On-Personal-Protective-Equipment-PPE-188_jpg.rf.1d59adc6ea34f459e35e5e4197a4c2e5.jpg, 1, 0, 0, 0, 1
Using-Personal-Protection-Equipment-PPE-027-Copy_jpg.rf.192eca0036d1148d8790e5b1fe7bddaa.jpg, 1, 0, 0, 0, 0
How-to-properly-wear-personal-protective-equipment-for-airborne-contaminants-277_jpg.rf.1c28ece4a27b5c95d66cf3f10380c225.jpg, 1, 0, 0, 0, 1
ds_jpg.rf.1e21742bbdaf2bc8ea91b35adff98c40.jpg, 1, 0, 1, 1, 1
snap00861_jpg.rf.1c2c5ddb8e2df8da6c8c5af498e97303.jpg, 1, 1, 1, 0, 1
frame06511_jpg.rf.1bd612df5e0e9b08b80b20057a340cb3.jpg, 1, 0, 1, 1, 1
How-to-properly-wear-personal-protective-equipment-for-airborne-contaminants-214_jpg.rf.1b9cad2acd2b7149803a27be98b08666.jpg, 1, 0, 0, 0, 1
frame05351_jpg.rf.1c6d879ece3754f3b19941969d3c443c.jpg, 1, 0, 1, 1, 1
fs_jpg.rf.1bae4d5c658d7aefa3fafdc705468b84.jpg, 1, 0, 1, 1, 1
wwq_jpg.rf.20ff68327d4c5f11ebbbb4af8d89a1b3.jpg, 1, 0, 1, 1, 1
frame05661_jpg.rf.1ffff37bd442f289dd050ce0daeb342d.jpg, 1, 0, 1, 1, 1
Using-Personal-Protection-Equipment-PPE-042-Copy_jpg.rf.1bcb29cd937a0bdc84fb752da95f201e.jpg, 1, 0, 0, 0, 0
juui_jpg.rf.1a922fda5769b6c2ea7578e2fccd0d7c.jpg, 1, 0, 1, 1, 1
hgf_jpg.rf.1a30495c25fc6692a0ab255ab3646c82.jpg, 1, 1, 1, 1, 0
jje_jpg.rf.1dff69d0ad35f7d693be7354b2c393c2.jpg, 1, 0, 1, 1, 1
Using-Personal-Protection-Equipment-PPE-109_jpg.rf.1ef242247d539af2ccc24508abe9e985.jpg, 1, 0, 0, 0, 0
frame05651_jpg.rf.1b1c90122b97141c4682c697355b2ab6.jpg, 1, 0, 1, 1, 1
How-to-properly-wear-personal-protective-equipment-for-airborne-contaminants-269_jpg.rf.1eb06337a0164f71cd5ce0efa0b13d73.jpg, 1, 0, 0, 0, 1
frame05451_jpg.rf.2056566b1243b53d872803968fc4f0ad.jpg, 1, 0, 1, 1, 1
How-to-properly-wear-personal-protective-equipment-for-airborne-contaminants-357_jpg.rf.1f3aaa3625fb5778c4e14fc20b88e8c1.jpg, 1, 0, 1, 0, 0
st_jpg.rf.214d701cbe68c4bb7185c395c8e1fb38.jpg, 1, 1, 0, 0, 1
How-to-properly-wear-personal-protective-equipment-for-airborne-contaminants-202_jpg.rf.217f3f6e2ef3f66a2c66d97df895fcad.jpg, 0, 0, 0, 0, 1
Demonstration-of-Donning-Putting-On-Personal-Protective-Equipment-PPE-103_jpg.rf.20d90e9e3c59aa9ef2bd0ef3a120afc5.jpg, 1, 0, 0, 0, 0
Using-Personal-Protection-Equipment-PPE-027-Copy_jpg.rf.2127553b1d3d3bfab2bdaa641d4c918e.jpg, 1, 0, 0, 0, 0
How-to-properly-wear-personal-protective-equipment-for-airborne-contaminants-200_jpg.rf.22071c6765b5f5cb1449eff811860d2a.jpg, 0, 0, 0, 0, 1
How-to-properly-wear-personal-protective-equipment-for-airborne-contaminants-219_jpg.rf.215300f1ffaebb0cc0137f38ba91632e.jpg, 0, 0, 0, 0, 1
ses_jpg.rf.21d68e5dd68fdf72e3f8e7eeb182616a.jpg, 0, 1, 0, 0, 1
Using-Personal-Protection-Equipment-PPE-042-Copy_jpg.rf.2213562a0368ce9b858707cd1fcb44b0.jpg, 1, 0, 0, 0, 0
Demonstration-of-Donning-Putting-On-Personal-Protective-Equipment-PPE-212_jpg.rf.2062aa1f23c3c2765669e51cf9e1bad3.jpg, 1, 1, 1, 0, 1
Using-Personal-Protection-Equipment-PPE-078_jpg.rf.2046869cd975610dac8369c78079d817.jpg, 1, 1, 0, 0, 1
snap07071_jpg.rf.22d95199bb54e65fa54e9e7efe33d032.jpg, 1, 1, 1, 0, 1
dnf_jpg.rf.226630e0b253b55b959dd8fd0f358ce0.jpg, 1, 0, 1, 1, 1
frame05291_jpg.rf.22f4073529f2bfec9664516d2c898e33.jpg, 1, 0, 1, 1, 1
jyje_jpg.rf.2239cc184d92c079784f26df0085214d.jpg, 1, 1, 1, 0, 1
rtret_jpg.rf.22a393b2b73e040c72216911ed848916.jpg, 1, 0, 1, 1, 1
frame06251_jpg.rf.22dc49d3c620f7c578dc52f22c5e4cc0.jpg, 1, 0, 1, 1, 1
gt_jpg.rf.233d7d95c00086a6c65cb3ad05d667d7.jpg, 1, 1, 0, 1, 1
snap03031_jpg.rf.229782e1b4e4d9dcb606262327e7b846.jpg, 1, 0, 1, 0, 0
Using-Personal-Protection-Equipment-PPE-057_jpg.rf.22acee70754cbdc5281e9e668dbb371b.jpg, 1, 1, 0, 0, 1
Demonstration-of-Donning-Putting-On-Personal-Protective-Equipment-PPE-176_jpg.rf.23da334f56e178c280b312bf2d33d5f4.jpg, 1, 0, 0, 0, 1
Demonstration-of-Donning-Putting-On-Personal-Protective-Equipment-PPE-211_jpg.rf.2633d4832a3cf6cebf023cb8ab95411f.jpg, 1, 0, 1, 0, 0
jyjjsrjs_jpg.rf.26443348026f16bff8d6e73bf8a133be.jpg, 1, 0, 1, 1, 1
Using-Personal-Protection-Equipment-PPE-081_jpg.rf.2477b251116bb653e6dcb0d80340e0ab.jpg, 1, 1, 1, 0, 1
How-to-properly-wear-personal-protective-equipment-for-airborne-contaminants-277_jpg.rf.260e7f17f35b352b734bdf75a0f9dfb0.jpg, 1, 0, 0, 0, 1
snap08851_jpg.rf.24d64d8306fbf4d3b3f254dd9cbf2f0a.jpg, 1, 1, 0, 0, 1
ffyj_jpg.rf.27690dd799571acf6734a36f67289716.jpg, 1, 1, 1, 1, 1
Demonstration-of-Donning-Putting-On-Personal-Protective-Equipment-PPE-231_jpg.rf.268a233c9a27f389a7e92313a322ccd1.jpg, 1, 1, 1, 0, 1
frame04691_jpg.rf.244ab71b938057b21fae619f8de55e32.jpg, 1, 0, 1, 0, 1
ghyju_jpg.rf.261f411291723c30e6ad8dd7f897c5b3.jpg, 1, 0, 1, 1, 1
How-to-properly-wear-personal-protective-equipment-for-airborne-contaminants-382_jpg.rf.272bfacb3e44424d01a2e086e0991271.jpg, 0, 0, 1, 0, 0
Using-Personal-Protection-Equipment-PPE-101_jpg.rf.28cce025a4488759fd8313c5cce0f5ab.jpg, 1, 1, 0, 0, 1
bcfx_jpg.rf.28f764c33ac84bbf391175ff4152108a.jpg, 0, 1, 1, 0, 1
h_jpg.rf.25ccc9a8aa29e0210d5a5c22362ce672.jpg, 1, 1, 1, 0, 1
frame06271_jpg.rf.27eeca13c214858d99ebf968f5056eac.jpg, 1, 0, 1, 1, 1
How-to-properly-wear-personal-protective-equipment-for-airborne-contaminants-245_jpg.rf.23946fc5fabeb5e16475ad98ddef25e5.jpg, 0, 0, 0, 0, 1
Using-Personal-Protection-Equipment-PPE-071_jpg.rf.27d58208153b81a5e2ca33bd1960a38a.jpg, 1, 0, 1, 1, 1
Using-Personal-Protection-Equipment-PPE-020-Copy_jpg.rf.280d888f3a65cbd3589f4e7ae0bf6035.jpg, 1, 0, 0, 0, 0
How-to-properly-wear-personal-protective-equipment-for-airborne-contaminants-219_jpg.rf.29acf2a519e040807d93bcce537b86d0.jpg, 0, 0, 0, 0, 1
nn_jpg.rf.2a78c198fee7bc82e81254895f50d10b.jpg, 1, 1, 1, 0, 1
frame04661_jpg.rf.271f831ba74e1ecb65d58be521129f4c.jpg, 1, 0, 1, 0, 1
Using-Personal-Protection-Equipment-PPE-015-Copy_jpg.rf.29fa3370bf46a3443c17e5e9c1af5f46.jpg, 1, 0, 0, 0, 0
Using-Personal-Protection-Equipment-PPE-154_jpg.rf.2861b99cab640679bb2a300c4ce5d6a6.jpg, 0, 0, 0, 0, 1
dre_jpg.rf.2a5d32c9799748ec1db86e633bb7df92.jpg, 0, 1, 1, 0, 1
wwwwwg_jpeg_jpg.rf.273280b5f4f54f560f2d19913f66555a.jpg, 0, 0, 1, 0, 1
mnfn_jpg.rf.2b41803cf7e79ce7833db7544ba22297.jpg, 1, 0, 1, 1, 1
tr_jpg.rf.2a5ca7073286769f96642f11efa9246a.jpg, 1, 0, 1, 1, 1
How-to-properly-wear-personal-protective-equipment-for-airborne-contaminants-182_jpg.rf.2a2438b7eca996f0501dc9d1322c071f.jpg, 1, 0, 0, 0, 0
hgf_jpg.rf.2b1cab958e598b9df08d5bf8cbba2066.jpg, 1, 1, 1, 1, 0
snap00941_jpg.rf.24283129f11847cac638dc6613f19857.jpg, 1, 1, 1, 0, 1
jfe_jpg.rf.2b55b6e65a292962a5659f66c28c5d62.jpg, 1, 1, 1, 0, 1
How-to-properly-wear-personal-protective-equipment-for-airborne-contaminants-179_jpg.rf.29625ec15cda16bf29b25ce32494e13e.jpg, 1, 0, 0, 0, 0
rtret_jpg.rf.2dbfe704353d5a4721d54748aa6b3d99.jpg, 1, 0, 1, 1, 1
frame06261_jpg.rf.291817a046b85956a22c45ffd5cee3ea.jpg, 1, 0, 1, 1, 1
fhtzd_jpg.rf.2dc3328089bc93e8a2b6169929174401.jpg, 1, 0, 1, 1, 1
snap07081_jpg.rf.313cd0647f7deb78f40d3065a3fe03b5.jpg, 1, 1, 1, 0, 0
Using-Personal-Protection-Equipment-PPE-097_jpg.rf.2aa120cb6d0e7526074ba3bdaeb4eba5.jpg, 1, 0, 0, 1, 1
gdfvx_jpeg_jpg.rf.3024c2e9401a27b97eb9962e1bfa8628.jpg, 1, 0, 1, 0, 1
uh_jpg.rf.2bc14f2369d894fd884bfbaf59b2a052.jpg, 1, 0, 1, 1, 1
yydr_jpg.rf.2ea6d2f9bc15fd7885153d865abff5cf.jpg, 1, 1, 1, 1, 1
hus_jpg.rf.2b6d98c0d83acd867946ae440b585e3a.jpg, 1, 1, 0, 0, 1
dds_jpg.rf.2d89e99d6cc6506abc000e613c36293d.jpg, 1, 0, 1, 1, 1
vgfa_jpg.rf.338f77430107e75973fb4d51521a50b4.jpg, 1, 0, 1, 0, 0
xzs_jpg.rf.31796861cf54a8ae4f888fb799d84a51.jpg, 1, 0, 1, 1, 1
frame04711_jpg.rf.2c6456b868488180ba6c0caa6ef1aea9.jpg, 1, 0, 1, 0, 1
gdfj_jpg.rf.332679020f5c7d92c634d864eb788e0b.jpg, 1, 1, 1, 0, 1
How-to-properly-wear-personal-protective-equipment-for-airborne-contaminants-281_jpg.rf.32c2e8760dbfb205e790e58e62b3a1e5.jpg, 1, 0, 0, 0, 0
sm_jpg.rf.337ece68bd5d3fb08b7fb8179c6d8956.jpg, 0, 1, 0, 1, 1
Demonstration-of-Donning-Putting-On-Personal-Protective-Equipment-PPE-015_jpg.rf.30eb699c98f110f9478add783163dbb0.jpg, 1, 1, 1, 0, 1
frame05281_jpg.rf.32fa00b34156bc2999efc5405e7b3d2d.jpg, 1, 0, 1, 1, 1
sm_jpg.rf.2e8ae537c64741b99b5b589c40b0e35a.jpg, 0, 1, 0, 1, 1
Using-Personal-Protection-Equipment-PPE-058_jpg.rf.3422f617c325f5e8327b0440da9d3058.jpg, 1, 0, 0, 1, 1
Demonstration-of-Donning-Putting-On-Personal-Protective-Equipment-PPE-103_jpg.rf.323e627ab9b6c707d1a12b2659c0a09c.jpg, 1, 0, 0, 0, 0
How-to-properly-wear-personal-protective-equipment-for-airborne-contaminants-325_jpg.rf.331fb4f22f50b4922c5332c1cfc4cc87.jpg, 1, 0, 1, 1, 1
Demonstration-of-Donning-Putting-On-Personal-Protective-Equipment-PPE-081_jpg.rf.344fe58bc3936c896fb4765c2fa209e4.jpg, 1, 1, 1, 1, 1
How-to-properly-wear-personal-protective-equipment-for-airborne-contaminants-181_jpg.rf.3691981080dfa92fc566c0ad98948e5f.jpg, 1, 0, 0, 0, 0
frame06151_jpg.rf.347987ae9bb9c3a2541d19514a5ff494.jpg, 1, 0, 1, 1, 1
Demonstration-of-Donning-Putting-On-Personal-Protective-Equipment-PPE-153_jpg.rf.2ee3d0627169e9c05cd41022a29f83e3.jpg, 1, 0, 0, 0, 1
thj_jpg.rf.34a1eb52e72b2b551ee64f4067003018.jpg, 1, 1, 0, 0, 1
mj_jpg.rf.34daf4bdab40b5769b1f7570be66ce93.jpg, 0, 0, 1, 1, 1
Demonstration-of-Donning-Putting-On-Personal-Protective-Equipment-PPE-158_jpg.rf.363d703fa67a9d4d4c17737c0a76f234.jpg, 1, 0, 0, 0, 1
snap08371_jpg.rf.359982dd37ff19e2dc99e843edffccf7.jpg, 1, 1, 1, 0, 1
mnd_jpg.rf.2cb8cbbd61c4d9c7335491249a68e09b.jpg, 1, 1, 1, 1, 1
How-to-properly-wear-personal-protective-equipment-for-airborne-contaminants-357_jpg.rf.3698e95400be51d4e8df8007889db36f.jpg, 1, 0, 1, 0, 0
Using-Personal-Protection-Equipment-PPE-018-Copy_jpg.rf.3664fd79aff6e3e0b80d9566bf410bfa.jpg, 1, 0, 0, 0, 0
snap08701_jpg.rf.37071e8e7236dc6e96b74b1fa7cbfc6d.jpg, 1, 1, 0, 0, 1
hjtuj_jpg.rf.361a6dcac821953ebbbcc43f9100300f.jpg, 1, 0, 1, 1, 1
fxda_jpg.rf.313032fb2b5839132c9d12d276453509.jpg, 1, 0, 1, 0, 1
jkur_jpg.rf.31b0fcd4f2fdb08a8ee7c19820da3cd6.jpg, 1, 1, 1, 0, 1
snap00891_jpg.rf.3831d31b94a6d2588a1d41407705715a.jpg, 1, 1, 1, 0, 1
frame05121_jpg.rf.379feccfe48df29b62a77a6b22d85c36.jpg, 1, 0, 1, 1, 1
Using-Personal-Protection-Equipment-PPE-017-Copy_jpg.rf.34b57bb2ac3ba24bfd32a64fd452041b.jpg, 1, 0, 0, 0, 0
huj_png_jpg.rf.382419738700d03aa548cfcb797f1ba1.jpg, 1, 0, 1, 0, 1
bn_jpg.rf.3a60bf9ae21b09524c24994b3eefa5f1.jpg, 1, 0, 0, 1, 1
How-to-properly-wear-personal-protective-equipment-for-airborne-contaminants-220_jpg.rf.397df5a3fc2049cc9774886ba594701a.jpg, 0, 0, 0, 0, 1
trty_jpg.rf.3bdd90dce948f210d82bbea62047a87d.jpg, 0, 0, 1, 1, 1
frame05341_jpg.rf.3778f410a86dbaa976367232eb13cb3f.jpg, 1, 0, 1, 1, 1
Demonstration-of-Donning-Putting-On-Personal-Protective-Equipment-PPE-039_jpg.rf.39f9d09a66453f2bb7b5cb3ca010cce0.jpg, 0, 0, 1, 0, 1
bg_jpg.rf.3ca02aa40612a4f759fef90a56c6bcdd.jpg, 1, 0, 0, 1, 1
frame05401_jpg.rf.3690950308d36ae5622e990ee4069cdc.jpg, 1, 0, 1, 1, 1
Demonstration-of-Donning-Putting-On-Personal-Protective-Equipment-PPE-156_jpg.rf.39fdf0e032899be11c9cd2fc2b869cb8.jpg, 1, 0, 0, 0, 1
Using-Personal-Protection-Equipment-PPE-101_jpg.rf.3d24443439dcd729692b57c91f90e692.jpg, 1, 1, 0, 0, 1
snap07291_jpg.rf.3b96a4604fdd2059316fb5d47b270a7d.jpg, 1, 1, 1, 0, 1
frame06551_jpg.rf.3b5b62b22b2f31d91ea85af70371b173.jpg, 1, 0, 1, 1, 1
frame05111_jpg.rf.3b685342c8ac06a2d28769a0cd2acb25.jpg, 1, 0, 1, 1, 1
erre_png_jpg.rf.3b40f25ccfc18cb378d71ae299011e95.jpg, 1, 0, 1, 1, 1
How-to-properly-wear-personal-protective-equipment-for-airborne-contaminants-288_jpg.rf.386529dfd3b251458b2d056b05585439.jpg, 1, 0, 0, 0, 1
How-to-properly-wear-personal-protective-equipment-for-airborne-contaminants-185_jpg.rf.3cc78f6bea8b07aa7d18a9b5b089b917.jpg, 0, 0, 0, 0, 1
Demonstration-of-Donning-Putting-On-Personal-Protective-Equipment-PPE-085_jpg.rf.3ad57a172b2cb1866198885fb8aaba6d.jpg, 1, 1, 1, 1, 1
snap08671_jpg.rf.3c24e981122eb4ec17206efcb81ef57e.jpg, 1, 1, 0, 0, 1
frame05131_jpg.rf.3a69a3b7c73d4513db01b8d32c7aa97d.jpg, 1, 0, 1, 1, 1
hda_jpg.rf.3d29318646e3f1d6d0606e70ec45907f.jpg, 0, 0, 0, 1, 1
frame05321_jpg.rf.3c3b2c2cda1041a23c14e33efb6a4ba4.jpg, 1, 0, 1, 1, 1
Using-Personal-Protection-Equipment-PPE-101_jpg.rf.3f7a013b139e025c64ec1a68a853ba2b.jpg, 1, 1, 0, 0, 1
Demonstration-of-Donning-Putting-On-Personal-Protective-Equipment-PPE-079-Copy-2-_jpg.rf.3caf8c36a62af4d329e826a7adb7c95d.jpg, 1, 1, 1, 1, 1
vgfa_jpg.rf.3dc5a6d260c334f453a82822773e04d2.jpg, 1, 0, 1, 0, 0
Using-Personal-Protection-Equipment-PPE-045-Copy_jpg.rf.3f17ec3c20672117a8059990c4a54abc.jpg, 1, 0, 0, 0, 1
Using-Personal-Protection-Equipment-PPE-043-Copy_jpg.rf.3e75b92f5676239e116a2c8441db8320.jpg, 1, 0, 0, 0, 0
bvc_jpg.rf.3b1a7ae8031416bbc44dc850e7ef947d.jpg, 1, 0, 1, 1, 1
uyr_jpg.rf.3f15a81ffbf944578a171a26dd130df3.jpg, 1, 0, 1, 1, 1
Using-Personal-Protection-Equipment-PPE-060_jpg.rf.3dc3943133f7721b9b01a62700480c55.jpg, 1, 0, 0, 0, 1
How-to-properly-wear-personal-protective-equipment-for-airborne-contaminants-351_jpg.rf.3d03eb5e6b849bb085575d9a7ee3368b.jpg, 1, 0, 1, 0, 1
hye_png_jpg.rf.3e45f97246194795009f1dd6987387f5.jpg, 1, 1, 1, 1, 1
Demonstration-of-Donning-Putting-On-Personal-Protective-Equipment-PPE-134_jpg.rf.c0145b5362df5dae35c5313e145715a6.jpg, 1, 0, 0, 0, 1
frame05281_jpg.rf.c342cbb1e4a6b3effeee7547d1aafe2d.jpg, 1, 0, 1, 1, 1
How-to-properly-wear-personal-protective-equipment-for-airborne-contaminants-226_jpg.rf.c171ccfc482f045e2daa6307407a5e1a.jpg, 1, 0, 0, 0, 1
frame05451_jpg.rf.c2bc067ae8ebc108f1626ca4e590611a.jpg, 1, 0, 1, 1, 1
rhyj_jpg.rf.bed8311b42daf3c2c2e79ab5669a283c.jpg, 1, 1, 0, 0, 1
frs_jpg.rf.bee8a130671e3ef867563ca929de81d4.jpg, 1, 0, 1, 1, 1
Demonstration-of-Donning-Putting-On-Personal-Protective-Equipment-PPE-103_jpg.rf.c2929df6bc78d638bcf9f6f01b8ee5c2.jpg, 1, 0, 0, 0, 0
uyr_jpg.rf.c41096decf135c902da508366b1d1c96.jpg, 1, 0, 1, 1, 1
frame05291_jpg.rf.c345a32d65d079c78ed6caf3fbb7fc70.jpg, 1, 0, 1, 1, 1
How-to-properly-wear-personal-protective-equipment-for-airborne-contaminants-357_jpg.rf.c5ce4e0654cee30413eec17404fe9d4e.jpg, 1, 0, 1, 0, 0
How-to-properly-wear-personal-protective-equipment-for-airborne-contaminants-285_jpg.rf.c66ecb5fb352ce6e16cfb0792cdd5448.jpg, 1, 0, 0, 0, 1
Demonstration-of-Donning-Putting-On-Personal-Protective-Equipment-PPE-159_jpg.rf.c73e6ffc9bdf879da38b6ab9cc58d96c.jpg, 1, 0, 0, 0, 1
gse_jpg.rf.c58e998600d6ce9ad6a81b1c3251cc9c.jpg, 0, 0, 0, 0, 1
How-to-properly-wear-personal-protective-equipment-for-airborne-contaminants-315_jpg.rf.c5c3be2aa05cae4d9e0a19160fa37649.jpg, 0, 0, 0, 1, 1
frame06131_jpg.rf.bed7e2c70d9a1a49f17f10afd99d3004.jpg, 1, 0, 1, 1, 1
frame05701_jpg.rf.bed712bdf42ad09642ad588429d23062.jpg, 1, 0, 1, 1, 1
ghs_jpeg_jpg.rf.c02bef6b8433fcd517066631f40d24b5.jpg, 1, 1, 1, 0, 1
snap07331_jpg.rf.c4c898e99df19524ba4735d28835a8fc.jpg, 1, 1, 1, 0, 1
Demonstration-of-Donning-Putting-On-Personal-Protective-Equipment-PPE-216_jpg.rf.c845c06b89a10ceda0ac0c46e3117334.jpg, 1, 1, 1, 0, 1
jkur_jpg.rf.c527e2a888b596c2655bfa87d38bd92f.jpg, 1, 1, 1, 0, 1
snap08381_jpg.rf.bf2949bdd63234c920db72208ebd9f05.jpg, 1, 1, 1, 0, 1
frame05661_jpg.rf.c84da1fb2ac69e96b2b0cc32c303d27d.jpg, 1, 0, 1, 1, 1
frame05341_jpg.rf.c63d64445b673278e5e2b4c42bdd9ad6.jpg, 1, 0, 1, 1, 1
frame05321_jpg.rf.c8ab2d9ed0f9b94620c90250b06e54b7.jpg, 1, 0, 1, 1, 1
How-to-properly-wear-personal-protective-equipment-for-airborne-contaminants-288_jpg.rf.c8d88391abd80ba4ce97f67391c158f7.jpg, 1, 0, 0, 0, 1
snap08361_jpg.rf.c8a685a72b2f78970b9038799c272cb7.jpg, 1, 1, 1, 0, 1
How-to-properly-wear-personal-protective-equipment-for-airborne-contaminants-222_jpg.rf.c89f44fe4278ddceed9b2ae3d4a62d75.jpg, 1, 0, 0, 0, 1
snap00911_jpg.rf.c09f1be804a54eff3a83fc550435eccf.jpg, 1, 1, 1, 0, 1
Using-Personal-Protection-Equipment-PPE-038-Copy_jpg.rf.ca888d8ce1a9dd837a2150be95ad7826.jpg, 1, 0, 0, 0, 0
Using-Personal-Protection-Equipment-PPE-015-Copy_jpg.rf.c3b7a8098f4fa00b5aedda4e4e8c06f0.jpg, 1, 0, 0, 0, 0
fsaz_jpg.rf.cb02528f5e048189333c52d4b61ce6b0.jpg, 1, 1, 1, 1, 1
Demonstration-of-Donning-Putting-On-Personal-Protective-Equipment-PPE-089_jpg.rf.cada32407ed3c63793e93d650ed74f2d.jpg, 1, 1, 1, 1, 1
frame05271_jpg.rf.cd436fff17bee279000886d8617706ae.jpg, 1, 0, 1, 1, 1
Using-Personal-Protection-Equipment-PPE-078_jpg.rf.c9bbe42bbaf5be5e4b71ee33ad21afc7.jpg, 1, 1, 0, 0, 1
huj_png_jpg.rf.c94f3b79a5c458366a41891ed62cb0b2.jpg, 1, 0, 1, 0, 1
How-to-properly-wear-personal-protective-equipment-for-airborne-contaminants-222_jpg.rf.cad01c0f04925e48534a2d6d443c294a.jpg, 1, 0, 0, 0, 1
frame05361_jpg.rf.cbbaabd31875895afddbba5bfe83b097.jpg, 1, 0, 1, 1, 1
frame05671_jpg.rf.cd07ee13cfc4d9f94f6c126878fad77b.jpg, 1, 0, 1, 1, 1
gdfj_jpg.rf.c96ebb15464b559c1d2b2903b614ed13.jpg, 1, 1, 1, 0, 1
How-to-properly-wear-personal-protective-equipment-for-airborne-contaminants-269_jpg.rf.cb1a26ffc4537f3dfd09536731f96589.jpg, 1, 0, 0, 0, 1
frame06491_jpg.rf.c98489c599064b7c8d9a6d993eb84e5b.jpg, 1, 0, 1, 1, 1
mb_jpg.rf.cb82282eaf5a23d00cc9af440e004437.jpg, 1, 0, 1, 0, 0
gdA_jpg.rf.ccb8c6b57fb92554920ec91bb50575c9.jpg, 1, 1, 0, 0, 1
nn_jpg.rf.cc325b0924462eaf64c0eacc8b9befcd.jpg, 1, 1, 1, 0, 1
jfe_jpg.rf.cc46f149b7215c51b17100b9697f9b75.jpg, 1, 1, 1, 0, 1
frame06571_jpg.rf.c9bcdacdf6f20e5228c82d5e37208126.jpg, 1, 0, 1, 1, 1
tr_jpg.rf.cdc64625b89331f14fe8301c3c163e1d.jpg, 1, 0, 1, 1, 1
How-to-properly-wear-personal-protective-equipment-for-airborne-contaminants-384_jpg.rf.c9f71fcaca5281bb9f7393fae9ac05ec.jpg, 0, 0, 1, 0, 0
htk2535_jpg.rf.c931a797b0a4f20aecae06e3dcd73b08.jpg, 1, 0, 1, 1, 1
snap08881_jpg.rf.cdd972b4dd5ff56a563247923b5b4e0f.jpg, 1, 1, 0, 0, 1
bv_jpg.rf.cf074076aeff475de62c49997c3a8a30.jpg, 1, 1, 1, 1, 1
htnj_jpg.rf.ce8ce481e7ead732cc274dbd07bea3b5.jpg, 1, 1, 1, 0, 1
snap00931_jpg.rf.cd7ece5e2b7bda2a8cc9b47a09b21c87.jpg, 1, 1, 1, 0, 1
rt_jpg.rf.cf227152d56eea9223275475784dfa74.jpg, 1, 0, 1, 1, 1
Demonstration-of-Donning-Putting-On-Personal-Protective-Equipment-PPE-198_jpg.rf.d089d8f701107dc591621bebd615c2fc.jpg, 1, 1, 0, 0, 1
snap00851_jpg.rf.d01b31506050d2045176fc6f480516ae.jpg, 1, 1, 1, 0, 1
frame05401_jpg.rf.d10567baa2b14e755b2e6e72725b6cc2.jpg, 1, 0, 1, 1, 1
ft52_jpg.rf.d1b86860edad22dff58547a3274934c8.jpg, 1, 0, 1, 1, 1
mhv_jpg.rf.d177931176cca729409a1344841b1a13.jpg, 1, 1, 0, 0, 1
frame05701_jpg.rf.d3173c7d6c21ad7fba47c1e1445cc299.jpg, 1, 0, 1, 1, 1
frame05261_jpg.rf.d279f26a63f90f5ff11c130ea24314ee.jpg, 1, 0, 1, 1, 1
Demonstration-of-Donning-Putting-On-Personal-Protective-Equipment-PPE-078-Copy-Copy_jpg.rf.d5442cc23fb34f5fd1bd27b24bfbaa81.jpg, 1, 1, 1, 1, 1
xzs_jpg.rf.d1c46c2e4e62d71b2eb7635a9ac81232.jpg, 1, 0, 1, 1, 1
Demonstration-of-Donning-Putting-On-Personal-Protective-Equipment-PPE-011_jpg.rf.cf0d78936680cb5d5778ef33ae4432ac.jpg, 1, 1, 1, 0, 1
frame04161_jpg.rf.d3b720560277df21841f5fc6d462f4fe.jpg, 1, 0, 1, 0, 1
How-to-properly-wear-personal-protective-equipment-for-airborne-contaminants-315_jpg.rf.cfcf01a64840749769ea35d0d5ecb8cb.jpg, 0, 0, 0, 1, 1
frame05441_jpg.rf.cddfbc9dd016c7e5c079c58a6f7f1ea9.jpg, 1, 0, 1, 1, 0
How-to-properly-wear-personal-protective-equipment-for-airborne-contaminants-200_jpg.rf.d2f0980b0e3b6e9db02ff2a4fabf0f88.jpg, 0, 0, 0, 0, 1
trty_jpg.rf.d3d7dfae2bb2688f2162cfdb8a639189.jpg, 0, 0, 1, 1, 1
rhyj_jpg.rf.d4430e938fa06a8944157221572e0eb2.jpg, 1, 1, 0, 0, 1
How-to-properly-wear-personal-protective-equipment-for-airborne-contaminants-278_jpg.rf.d1cf9e5cdf37eaf7440d242c465be13e.jpg, 1, 0, 0, 0, 1
frame06241_jpg.rf.d12a5c8d69de6df27a9b998c7756950c.jpg, 1, 0, 1, 1, 1
Demonstration-of-Donning-Putting-On-Personal-Protective-Equipment-PPE-199_jpg.rf.d29555db457dc7ce47ddb7c4bc09cede.jpg, 1, 1, 0, 0, 1
snap00891_jpg.rf.d1efb89b99ebee7bfcf6855cafb7f09c.jpg, 1, 1, 1, 0, 1
vf_jpg.rf.d5bc2a405fca3f3b7ca5203aa5eea1a7.jpg, 1, 0, 1, 1, 1
How-to-properly-wear-personal-protective-equipment-for-airborne-contaminants-214_jpg.rf.d7ae5e7da38265078ded3ab8fa6b2cfa.jpg, 1, 0, 0, 0, 1
How-to-properly-wear-personal-protective-equipment-for-airborne-contaminants-211_jpg.rf.d7bd9870396cca6d2c1cb9516d918405.jpg, 0, 0, 0, 0, 1
frame06501_jpg.rf.d6149d2cfd7999bc4e6549e736f9d9dc.jpg, 1, 0, 1, 1, 1
frame06501_jpg.rf.d7fe972fda1f38b5e388690b781d89d9.jpg, 1, 0, 1, 1, 1
Using-Personal-Protection-Equipment-PPE-060_jpg.rf.d805e41fbe3f84ae98eb9eb15e047a96.jpg, 1, 0, 0, 0, 1
fgthtrj_jpg.rf.d6d3550d830bb73618639144814c5cd0.jpg, 1, 0, 0, 1, 1
htk2535_jpg.rf.d82994a1995c1389118d67241ec3277a.jpg, 1, 0, 1, 1, 1
snap08831_jpg.rf.d90ea93e1345bd30cb2429f273521858.jpg, 1, 1, 0, 0, 1
frame05101_jpg.rf.da429b05d8ceb85cc70f6d2a187d4d38.jpg, 1, 0, 1, 1, 1
Demonstration-of-Donning-Putting-On-Personal-Protective-Equipment-PPE-158_jpg.rf.d8a7343f9d7cbf8fee17dee1feba53d8.jpg, 1, 0, 0, 0, 1
Demonstration-of-Donning-Putting-On-Personal-Protective-Equipment-PPE-133_jpg.rf.da98228cefe87f6de0ec2921ed33b2b3.jpg, 1, 0, 0, 0, 1
Demonstration-of-Donning-Putting-On-Personal-Protective-Equipment-PPE-080-Copy-Copy_jpg.rf.db9d782def5b05126be0624c338131be.jpg, 1, 1, 1, 1, 1
fshjs_jpeg_jpg.rf.d6bd4d232c978351ccf54d93e1eb0cd1.jpg, 1, 0, 0, 0, 1
Using-Personal-Protection-Equipment-PPE-081_jpg.rf.d53b0ae85f88b73f98cfda561259f890.jpg, 1, 1, 1, 0, 1
fgthtrj_jpg.rf.db5a5dfbbbb669c8918416cccd4dc55a.jpg, 1, 0, 0, 1, 1
frame05131_jpg.rf.dab8927be8bf32091b49066502810881.jpg, 1, 0, 1, 1, 1
ghyju_jpg.rf.d9e8ea3212c0630d8050310f9ddc4bb4.jpg, 1, 0, 1, 1, 1
fsaz_jpg.rf.db585002442f8a7aa522bea9d5261926.jpg, 1, 1, 1, 1, 1
frame05441_jpg.rf.db6670a2bc9eac1160bebd277415d6b0.jpg, 1, 0, 1, 1, 0
Using-Personal-Protection-Equipment-PPE-066_jpg.rf.d68160db3c920413b7cbdd3566aac844.jpg, 1, 0, 0, 0, 0
Demonstration-of-Donning-Putting-On-Personal-Protective-Equipment-PPE-192_jpg.rf.dcc6ed3dfe4a81537d5e2f555dea20e9.jpg, 1, 0, 0, 0, 1
Demonstration-of-Donning-Putting-On-Personal-Protective-Equipment-PPE-120_jpg.rf.de746c9c13c7bdab5b7caff0b28df9c3.jpg, 1, 0, 0, 0, 1
How-to-properly-wear-personal-protective-equipment-for-airborne-contaminants-282_jpg.rf.d92eae4c9e88c892f644a0934d0a6c95.jpg, 1, 0, 0, 0, 1
dsz_jpg.rf.dca0b01b75b70315985373128b2ef041.jpg, 1, 1, 1, 0, 1
Using-Personal-Protection-Equipment-PPE-035-Copy_jpg.rf.db3161bc413b6fc81f0c0762d311c6fe.jpg, 1, 0, 0, 0, 0
Demonstration-of-Donning-Putting-On-Personal-Protective-Equipment-PPE-078-Copy-Copy_jpg.rf.dcd7f7c75e0cb5628244e5d3e3c21b32.jpg, 1, 1, 1, 1, 1
mb_jpg.rf.d59767ed34b296f61849b146735604da.jpg, 1, 0, 1, 0, 0
frame05101_jpg.rf.dbd9176849885f45f790e7da21b580de.jpg, 1, 0, 1, 1, 1
How-to-properly-wear-personal-protective-equipment-for-airborne-contaminants-208_jpg.rf.d94c2a1b77273bcbaad784448649ddc5.jpg, 0, 0, 0, 0, 1
Using-Personal-Protection-Equipment-PPE-043-Copy_jpg.rf.dde80f28f4ad8ddb495bbd59f65e1fc0.jpg, 1, 0, 0, 0, 0
Using-Personal-Protection-Equipment-PPE-024-Copy_jpg.rf.dddb49fc614b7c1e4024141bc5ce67a7.jpg, 1, 0, 0, 0, 0
Using-Personal-Protection-Equipment-PPE-021-Copy_jpg.rf.de88e36cfcfb5ef85c804bf159d38579.jpg, 1, 0, 0, 0, 0
jut_jpg.rf.dd8776f7c061eb96bf6232ba3cd93b43.jpg, 0, 0, 0, 1, 1
snap08811_jpg.rf.df22c08ab1de55c48ac837d5193357c9.jpg, 1, 1, 0, 0, 1
snap00851_jpg.rf.def6f9a17d85c2cab483ec4a6ffee8c6.jpg, 1, 1, 1, 0, 1
cxcf_jpg.rf.dd21f338a22f3bbb30697b76fba942be.jpg, 1, 1, 1, 0, 1
mnfn_jpg.rf.de9bfdb2e42dadb0982635fa4bcd7d7c.jpg, 1, 0, 1, 1, 1
snap07061_jpg.rf.da700d330fa05bb2f8d1a092882bca6d.jpg, 1, 1, 1, 0, 1
How-to-properly-wear-personal-protective-equipment-for-airborne-contaminants-384_jpg.rf.dfb09d3c397c51369df0ff162ce641e2.jpg, 0, 0, 1, 0, 0
Demonstration-of-Donning-Putting-On-Personal-Protective-Equipment-PPE-197_jpg.rf.e0efaa116100ba8c23445395f8c5d0ca.jpg, 1, 0, 0, 0, 0
dsz_jpg.rf.deff443534ee60e21f4c32da98cfac64.jpg, 1, 1, 1, 0, 1
wwwwwg_jpeg_jpg.rf.e2e8e3b1377d41e400704797ab09a1fd.jpg, 0, 0, 1, 0, 1
How-to-properly-wear-personal-protective-equipment-for-airborne-contaminants-331_jpg.rf.e0197304e25910152c2c592ec9a82175.jpg, 1, 0, 1, 0, 0
frame06561_jpg.rf.e0c49fc3b6c0c75744013edf03233e14.jpg, 1, 0, 1, 1, 1
ghd_jpg.rf.e045544a2e4cabd2d82be4d07cf4119a.jpg, 1, 1, 1, 1, 1
Demonstration-of-Donning-Putting-On-Personal-Protective-Equipment-PPE-094_jpg.rf.e1b0b316324ac5b33ddcd7ec5ff87a03.jpg, 1, 1, 1, 1, 1
bv_jpg.rf.e339275455b125c76b5f37a608398f2b.jpg, 1, 1, 1, 1, 1
frame05281_jpg.rf.e0d9ac694f87d38f7c848d733af624ca.jpg, 1, 0, 1, 1, 1
Using-Personal-Protection-Equipment-PPE-056_jpg.rf.e2329131fe02e7429914929f41ef0e63.jpg, 1, 1, 0, 0, 1
Demonstration-of-Donning-Putting-On-Personal-Protective-Equipment-PPE-186_jpg.rf.e2f3d13459cdf88ba6deac01a1f11acd.jpg, 1, 0, 0, 0, 1
snap00921_jpg.rf.e41fd2b1d531b035f513fadc67d4f07d.jpg, 1, 1, 1, 0, 1
gdA_jpg.rf.e14c453a2dbc36c2b15b55a32c35e94d.jpg, 1, 1, 0, 0, 1
vf_jpg.rf.e5cbedb934e642522e074cf5230225ec.jpg, 1, 0, 1, 1, 1
Demonstration-of-Donning-Putting-On-Personal-Protective-Equipment-PPE-225_jpg.rf.e3e476432d81580be448dceb63a58dbf.jpg, 1, 0, 1, 0, 0
frame06151_jpg.rf.e54d416cbf0e3bfc5fd262dc389a03c1.jpg, 1, 0, 1, 1, 1
ses_jpg.rf.e67a3e2d5ace2143b970754ae1cc49be.jpg, 0, 1, 0, 0, 1
How-to-properly-wear-personal-protective-equipment-for-airborne-contaminants-332_jpg.rf.e3c7675324d3af8ac42c2d6c32aed287.jpg, 1, 0, 1, 1, 1
snap07111_jpg.rf.e711d4804bae405723370fec631f39b6.jpg, 1, 1, 1, 0, 1
ss_jpg.rf.e735aba8760dff1b79dd1b514a62b770.jpg, 1, 1, 1, 0, 1
Using-Personal-Protection-Equipment-PPE-145_jpg.rf.e207b543ba0c3e9192c18a57af24e61d.jpg, 0, 0, 0, 0, 1
hjtuj_jpg.rf.e230c6238f8e295066de353c307586b7.jpg, 1, 0, 1, 1, 1
Demonstration-of-Donning-Putting-On-Personal-Protective-Equipment-PPE-201_jpg.rf.e7b5fd02edd4db8d8e209f2159eaca9e.jpg, 1, 1, 0, 0, 1
frame05451_jpg.rf.e79fba9ea7c91b91ae32a674da23eb87.jpg, 1, 0, 1, 1, 1
How-to-properly-wear-personal-protective-equipment-for-airborne-contaminants-202_jpg.rf.e76f52ffaa8002be7874151c6e015449.jpg, 0, 0, 0, 0, 1
frame05701_jpg.rf.e2ccc72f1db54e944b45500b6199b287.jpg, 1, 0, 1, 1, 1
ss_jpg.rf.e8115a183d8c22207f3e7e79f4a364f8.jpg, 1, 1, 1, 0, 1
Demonstration-of-Donning-Putting-On-Personal-Protective-Equipment-PPE-119_jpg.rf.e25508c78296e5b92cfb057217fd3793.jpg, 1, 0, 0, 0, 1
getry_jpg.rf.e75ba21825d7c094cc6ef8929cdcb86b.jpg, 1, 1, 0, 1, 1
i_jpg.rf.e8628aecedc2c320a8a617ba652e15ac.jpg, 1, 0, 1, 1, 1
snap07091_jpg.rf.e97dcc49d749b08bdb1784e6eb8de231.jpg, 1, 1, 1, 0, 1
58i_jpg.rf.ea9ad53dcf3a38eeb0d4575e7713a34b.jpg, 1, 0, 1, 1, 1
Using-Personal-Protection-Equipment-PPE-043-Copy_jpg.rf.e6e9183b3fa7fe2c0818db416101f3e7.jpg, 1, 0, 0, 0, 0
frame05471_jpg.rf.e7fc0317bf23a0ae5c215c11e84c601f.jpg, 1, 0, 1, 1, 1
snap08831_jpg.rf.e8bc9779f1ca29da7840164e9d5134da.jpg, 1, 1, 0, 0, 1
Using-Personal-Protection-Equipment-PPE-050_jpg.rf.e90cce5ec939675c29fa2ef956609a20.jpg, 1, 0, 0, 0, 1
b_jpg.rf.ea37b45711028248664526f278f296f6.jpg, 1, 0, 0, 1, 1
Demonstration-of-Donning-Putting-On-Personal-Protective-Equipment-PPE-192_jpg.rf.eb8bd173b207d5f3efc00272a0091d2a.jpg, 1, 0, 0, 0, 1
frame05261_jpg.rf.edabf6b4b4a4d942a16951c8651297cb.jpg, 1, 0, 1, 1, 1
Demonstration-of-Donning-Putting-On-Personal-Protective-Equipment-PPE-085_jpg.rf.ece8ceb7258b9fd649f760c0401e2c7d.jpg, 1, 1, 1, 1, 1
fds_jpg.rf.e9c551cab1b12165921971d1c34d655f.jpg, 1, 0, 1, 1, 1
Demonstration-of-Donning-Putting-On-Personal-Protective-Equipment-PPE-105_jpg.rf.ed6395a6649f8d35dc637c739495b98e.jpg, 1, 0, 0, 0, 0
trty_jpg.rf.ed83aeb56a716e27b5f4dc5182ea6399.jpg, 0, 0, 1, 1, 1
frame04661_jpg.rf.ec4ebe7de5467dec4a673a3d3e444faf.jpg, 1, 0, 1, 0, 1
Demonstration-of-Donning-Putting-On-Personal-Protective-Equipment-PPE-184_jpg.rf.ed8c5b70bf68afa9f8d520e8eccff8c0.jpg, 1, 0, 0, 0, 1
Using-Personal-Protection-Equipment-PPE-021-Copy_jpg.rf.eb9155915beb1a52c593301e7816f8de.jpg, 1, 0, 0, 0, 0
Using-Personal-Protection-Equipment-PPE-154_jpg.rf.ed02eba28b7b3c191e62292f14819a52.jpg, 0, 0, 0, 0, 1
Demonstration-of-Donning-Putting-On-Personal-Protective-Equipment-PPE-201_jpg.rf.e9c06c389c80557616e4fc4763e36a6b.jpg, 1, 1, 0, 0, 1
fxda_jpg.rf.eb3b791f99050c5671a77645b23ab25a.jpg, 1, 0, 1, 0, 1
Using-Personal-Protection-Equipment-PPE-057_jpg.rf.dfdb0d597ca7b229fcc41b0975a4fb5b.jpg, 1, 1, 0, 0, 1
Demonstration-of-Donning-Putting-On-Personal-Protective-Equipment-PPE-211_jpg.rf.e9a792bdbbde5d89a641c77990364aac.jpg, 1, 0, 1, 0, 0
frame06521_jpg.rf.ebca9af6b0d6e947d1f87edaf2cebade.jpg, 1, 0, 1, 1, 1
gdfvx_jpeg_jpg.rf.ee3a379b75805066402f2dba99829a82.jpg, 1, 0, 1, 0, 1
hgf_jpg.rf.ef1cd3a2c8fed740464d7005aaab3cfc.jpg, 1, 1, 1, 1, 0
frame04711_jpg.rf.ee6bef96c58ded3973e744123ce37681.jpg, 1, 0, 1, 0, 1
snap08901_jpg.rf.ee7e391fd5e729d21e80c6c1aa652c19.jpg, 1, 1, 1, 0, 1
How-to-properly-wear-personal-protective-equipment-for-airborne-contaminants-200_jpg.rf.ee60ad9c9c6f09c14f4626b8057bd32f.jpg, 0, 0, 0, 0, 1
nx_jpg.rf.e3cfe1ff0d3de831f6f86664e0b8a7a9.jpg, 0, 0, 0, 1, 1
Using-Personal-Protection-Equipment-PPE-071_jpg.rf.eab7925d272c92f8ee622b8aef8b2f4d.jpg, 1, 0, 1, 1, 1
dds_jpg.rf.efca971f681783391c43599442e59b52.jpg, 1, 0, 1, 1, 1
tde_jpg.rf.f034d79956debf4c9641b5b13ebb7d70.jpg, 1, 1, 1, 1, 1
frame06211_jpg.rf.ee9ba77d0e17b9c443734560f5bd5ba7.jpg, 1, 0, 1, 1, 1
jhvh_jpg.rf.f09190017e7e06ffd57776fe403c4f55.jpg, 1, 1, 0, 0, 1
snap08701_jpg.rf.f2ca999d8f3650d209614a7c1b715706.jpg, 1, 1, 0, 0, 1
Demonstration-of-Donning-Putting-On-Personal-Protective-Equipment-PPE-229_jpg.rf.ee986203159c18869add44bddc2adb50.jpg, 1, 1, 1, 0, 1
How-to-properly-wear-personal-protective-equipment-for-airborne-contaminants-288_jpg.rf.f13c386293a547db09550fac8d762ab0.jpg, 1, 0, 0, 0, 1
frame05111_jpg.rf.f2810ef57268431cb7b90ac68e77ff8c.jpg, 1, 0, 1, 1, 1
frame06491_jpg.rf.f3085937830172c5b3d915f14d8562e9.jpg, 1, 0, 1, 1, 1
How-to-properly-wear-personal-protective-equipment-for-airborne-contaminants-171_jpg.rf.f2d4a8d2d209773ed93cdc18c3022da7.jpg, 1, 0, 0, 0, 0
frame06281_jpg.rf.f1e100d4aad74853d3a42a9f22046b24.jpg, 1, 0, 1, 1, 1
Using-Personal-Protection-Equipment-PPE-021-Copy_jpg.rf.f0aee831f8c54fb630ea4f1fe9ecbc7f.jpg, 1, 0, 0, 0, 0
Demonstration-of-Donning-Putting-On-Personal-Protective-Equipment-PPE-105_jpg.rf.f21d47cb3d7ccc3e1b02d96f458013c1.jpg, 1, 0, 0, 0, 0
21fdf_jpg.rf.f3256f583f2e72b0de5d708875411040.jpg, 1, 1, 1, 1, 1
snap08881_jpg.rf.f4b71c0b815331a160fd53693731a6b5.jpg, 1, 1, 0, 0, 1
hjtuj_jpg.rf.f4f9e3ab33ed0e73fd990ef541130049.jpg, 1, 0, 1, 1, 1
frame05271_jpg.rf.f5ce694784275cce3af241576d3a14a2.jpg, 1, 0, 1, 1, 1
snap00861_jpg.rf.f42d60c9f8a674c84b781fc6a99cda48.jpg, 1, 1, 1, 0, 1
Using-Personal-Protection-Equipment-PPE-048_jpg.rf.f33d28007ec088c2c90701efb797fc40.jpg, 1, 0, 0, 0, 1
Using-Personal-Protection-Equipment-PPE-066_jpg.rf.f284e3281f2924827e94a4df4e8c9a2f.jpg, 1, 0, 0, 0, 0
snap08351_jpg.rf.f5dbfc80f49dec3d6bda97904cf2bb31.jpg, 1, 1, 1, 0, 1
snap08361_jpg.rf.f564db89630b04b5a1e09d41595303ce.jpg, 1, 1, 1, 0, 1
jh_jpg.rf.f5d258802d8d7620c45cf23b0841a3f5.jpg, 1, 0, 1, 1, 1
frame06531_jpg.rf.f477271d36e468fc6f2ab460900476ae.jpg, 1, 0, 1, 1, 1
Using-Personal-Protection-Equipment-PPE-072_jpg.rf.f2a0d8d335856f34e7c8f2f1709a8375.jpg, 1, 1, 0, 0, 1
frame05291_jpg.rf.f3e9f18258d83d1d21d81bfe88c5a0d4.jpg, 1, 0, 1, 1, 1
nx_jpg.rf.f60d7b4e49ce619a23b3fe3f15eb83b1.jpg, 0, 0, 0, 1, 1
Demonstration-of-Donning-Putting-On-Personal-Protective-Equipment-PPE-195_jpg.rf.f6fa7020a59018a6042a98aa109d2f42.jpg, 1, 0, 0, 0, 1
How-to-properly-wear-personal-protective-equipment-for-airborne-contaminants-315_jpg.rf.f68d6528db31897fd3464ee2f821a042.jpg, 0, 0, 0, 1, 1
snap07071_jpg.rf.f707dbeea86298f499c17d0abb5fb9d7.jpg, 1, 1, 1, 0, 1
bcfx_jpg.rf.f61930696e639b45d6266096c661c8e5.jpg, 0, 1, 1, 0, 1
frame06201_jpg.rf.f8081526b6c106dcdaf469adb337114c.jpg, 1, 0, 1, 1, 1
bn_jpg.rf.f667c57f298fd2dba683696a796b3751.jpg, 1, 0, 0, 1, 1
ga_jpg.rf.f6bb581952409d4c4198cc65cbb37806.jpg, 1, 1, 0, 0, 1
cxj_jpg.rf.f242247b3d1a080b7c5f96a059925aa6.jpg, 1, 1, 1, 0, 1
frame06131_jpg.rf.f79aecc9b4fd09d6117bc0847dd1e672.jpg, 1, 0, 1, 1, 1
hehy_jpg.rf.f7c12d20431333077cf463cac4c5a409.jpg, 1, 1, 1, 0, 1
Demonstration-of-Donning-Putting-On-Personal-Protective-Equipment-PPE-127_jpg.rf.f80b52e8a7b242a4e74c73a7c3d5406e.jpg, 1, 0, 0, 0, 1
frame05471_jpg.rf.f8f357f3a05819876f7b39034ebb0389.jpg, 1, 0, 1, 1, 1
frame04161_jpg.rf.f8ed0ad9668554f2723fc0c17f0104b6.jpg, 1, 0, 1, 0, 1
jyjjsrjs_jpg.rf.f9cbd982af9d560ab25912b9453f0fcd.jpg, 1, 0, 1, 1, 1
Demonstration-of-Donning-Putting-On-Personal-Protective-Equipment-PPE-229_jpg.rf.fab0ba379bfd0af0d9ae80ad8af208ec.jpg, 1, 1, 1, 0, 1
Using-Personal-Protection-Equipment-PPE-124_jpg.rf.f81ccc354192815c199421fb98b318df.jpg, 1, 0, 0, 0, 1
Using-Personal-Protection-Equipment-PPE-097_jpg.rf.f871636897926e49a1d47f1223e363d0.jpg, 1, 0, 0, 1, 1
cxfd_jpg.rf.f7ddca7981c209a509170dc1aaf835bd.jpg, 1, 0, 0, 0, 1
frame06561_jpg.rf.f9f61d48de5bb025eeea6967fa41acc3.jpg, 1, 0, 1, 1, 1
gtuyk_jpeg_jpg.rf.fa8aed31365891b05bd0c5116e774be0.jpg, 1, 1, 1, 0, 1
frame06511_jpg.rf.f79c6ff797f627401e2a8838974314b1.jpg, 1, 0, 1, 1, 1
d_jpg.rf.faf4330f34f44d257a8a384af4ec9c2f.jpg, 1, 1, 1, 0, 1
Demonstration-of-Donning-Putting-On-Personal-Protective-Equipment-PPE-159_jpg.rf.faf2140e62ed392c47ab7cbb419df732.jpg, 1, 0, 0, 0, 1
m_jpg.rf.fb89fffd37c1822ed439b2a09f9fd669.jpg, 1, 0, 1, 1, 1
ge_jpg.rf.fca1e0ab2d8353cb45af7c08cdc6f6fc.jpg, 1, 0, 1, 1, 1
Demonstration-of-Donning-Putting-On-Personal-Protective-Equipment-PPE-157_jpg.rf.fff278a87d3a8c8492ac92a76f067313.jpg, 1, 0, 0, 0, 1
fshjs_jpeg_jpg.rf.ffc7d65aab5883619905ec261e546dd1.jpg, 1, 0, 0, 0, 1
cxj_jpg.rf.fd446ad8b8a054fe0bac45323e8e12eb.jpg, 1, 1, 1, 0, 1
dh_jpg.rf.fc3410cf447cb828a64e35b69be5e9ac.jpg, 1, 1, 0, 1, 1
Using-Personal-Protection-Equipment-PPE-147_jpg.rf.f46290f72799580c2b05c38aeefda8e9.jpg, 0, 0, 0, 0, 1
frame06231_jpg.rf.fb01fd4ee07f244e417b5738e21b90ee.jpg, 1, 0, 1, 1, 1
snap00921_jpg.rf.feb0476171d446fc51b422811a65f80f.jpg, 1, 1, 1, 0, 1
Using-Personal-Protection-Equipment-PPE-145_jpg.rf.fe3132fff3f0a2f39018754d4529b6ad.jpg, 0, 0, 0, 0, 1
Using-Personal-Protection-Equipment-PPE-058_jpg.rf.fd8d4b70b304e1537890df5d9193ebf7.jpg, 1, 0, 0, 1, 1
snap08861_jpg.rf.fee6743b6b1b9d4f3fbc9465b172ff56.jpg, 1, 1, 0, 0, 1
3y46u_jpg.rf.fff7a8b5a989ee8d11e3020ab0c28f57.jpg, 1, 0, 0, 0, 1
mj_jpg.rf.ff86d8fbe960990c9ab03a0a70d23b77.jpg, 0, 0, 1, 1, 1
Using-Personal-Protection-Equipment-PPE-078_jpg.rf.ffb281687dd3094d395d97e75b1877f5.jpg, 1, 1, 0, 0, 1
bfhe_jpg.rf.fcbea9fe5029c12d84060ce4cb70a33f.jpg, 1, 1, 1, 1, 1
frame06571_jpg.rf.fd363057bd2be1ac8d46118b957b3b88.jpg, 1, 0, 1, 1, 1